year,C_extracted,C_extracted_SD,C_extracted_lowCI,C_extracted_lowIQR,C_extracted_median,C_extracted_highIQR,C_extracted_highCI,N_extracted,N_extracted_SD,N_extracted_lowCI,N_extracted_lowIQR,N_extracted_median,N_extracted_highIQR,N_extracted_highCI,P_extracted,P_extracted_SD,P_extracted_lowCI,P_extracted_lowIQR,P_extracted_median,P_extracted_highIQR,P_extracted_highCI,GloAv_C_extracted,GloAv_N_extracted,GloAv_P_extracted,C_dif,C_dif_SD,C_dif_lowCI,C_dif_highCI,C_dif_per,C_dif_per_SD,C_dif_per_lowCI,C_dif_per_highCI,N_dif,N_dif_SD,N_dif_lowCI,N_dif_highCI,N_dif_per,N_dif_per_SD,N_dif_per_lowCI,N_dif_per_highCI,P_dif,P_dif_SD,P_dif_lowCI,P_dif_highCI,P_dif_per,P_dif_per_SD,P_dif_per_lowCI,P_dif_per_highCI
1960,2866822.127,82606.4367,2715397.887,2812347.824,2857845.978,2909332.062,3041300.067,698478.0075,13915.35968,673089.535,689024.6282,697201.8267,708091.3622,723704.213,146212.1682,12514.10179,128540.4554,136985.8266,143762.3861,152670.4078,176436.8433,3170350.609,710158.5365,152176.8292,303528.4823,82606.4367,129050.5422,454952.722,10.5876287,2.897568912,4.243268977,16.75455093,11680.52904,13915.35968,-13545.67647,37069.00144,1.672283009,1.992518752,-1.87171447,5.507291306,5964.661015,12514.10179,-24260.01403,23636.37383,4.079455962,8.565983648,-13.74997057,18.38827609
1961,3245198.895,117333.1626,3061888.69,3157455.393,3238288.678,3314118.904,3443570.044,812504.8391,22293.82722,769809.3395,800166.5444,811570.4793,824381.5037,860942.3039,170522.7011,17754.28231,144033.849,159473.1855,167645.0718,178268.9097,211502.0001,3674080.998,822994.1435,176355.8879,428882.1026,117333.1626,230510.9539,612192.3081,13.21589574,3.647030607,6.693952814,19.99394394,10489.30441,22293.82722,-37948.16043,53184.80399,1.290983623,2.744067956,-4.407747216,6.908828104,5833.186822,17754.28231,-35146.11222,32322.03888,3.420768488,10.41777246,-16.61739,22.4405854
1962,3512029.547,152295.1132,3257002.448,3399567.854,3484219.251,3617816.444,3826025.828,895666.3751,32428.87597,843900.8967,876094.1581,894348.5969,917409.7998,963725.2716,188151.9981,23705.82012,155959.6089,170948.1157,184710.9262,205490.1316,232995.0911,4024202.01,901421.2503,193161.6965,512172.4631,152295.1132,198176.1827,767199.5622,14.58337568,4.382254134,5.17968753,23.55538795,5754.875224,32428.87597,-62304.02122,57520.35365,0.642524425,3.620717073,-6.464915164,6.81600812,5009.698414,23705.82012,-39833.39458,37202.08757,2.662580501,12.60375749,-17.09623769,23.85366816
1963,3825415.575,148626.5023,3577997.279,3719259.437,3800451.781,3899647.733,4126469.112,967239.7464,29830.86009,910986.1547,950157.9935,967962.8589,986515.1309,1022712.672,200615.3935,25304.21142,167989.5798,183787.1853,196172.5553,213932.6073,266830.2979,4342301.148,972675.4572,208430.4551,516885.573,148626.5023,215832.0361,764303.8694,13.51188029,3.920544225,5.230428976,21.36121997,5435.710791,29830.86009,-50037.21432,61689.30253,0.561981744,3.08417135,-4.892597473,6.771705828,7815.061567,25304.21142,-58399.84277,40440.87528,3.89554432,12.62286189,-21.8865111,24.07344272
1964,4342448.386,229980.9005,3967443.222,4168598.086,4322626.053,4476436.48,4870472.512,1117768.252,38854.85095,1051624.277,1092656.918,1116455.969,1146998.726,1199268.084,241274.4615,34818.85958,193270.4911,216534.6802,230401.7755,263923.6677,319865.164,5009737.26,1122181.146,240467.3885,667288.8737,229980.9005,139264.7473,1042294.037,15.36665066,5.358276066,2.859368304,26.27117716,4412.894545,38854.85095,-77086.938,70556.8696,0.394795123,3.476136819,-6.427832027,6.709323014,-807.0730514,34818.85958,-79397.77551,47196.8974,-0.334504135,14.43130539,-24.82226402,24.42012598
1965,4337846.979,145095.5839,4097657.024,4242012.007,4317746.646,4410157.135,4611493.601,1092924.41,31965.17972,1038260.208,1069872.015,1089512.49,1119936.801,1151861.64,228678.3344,23664.24619,194553.1794,212127.953,222727.1474,241267.7527,281114.6973,4918414.721,1101724.898,236083.9066,580567.7427,145095.5839,306921.1202,820757.6975,13.38377646,3.374700226,6.655568601,20.02992668,8800.48808,31965.17972,-50136.7426,63464.68967,0.805223857,2.924833201,-4.352670568,6.112599634,7405.572241,23664.24619,-45030.79068,41530.72725,3.238423203,10.35369258,-16.01865399,21.34672247
1966,4800559.322,190390.9823,4508432.346,4656097.625,4790016.23,4907741.112,5182627.093,1225989.592,34906.78511,1161099.916,1202042.162,1226307.327,1246453.522,1305775.798,252882.6523,30648.2887,206717.1425,234094.8244,247279.3863,263622.9918,325738.9111,5502312.807,1232518.069,264111.0147,701753.4846,190390.9823,319685.7133,993880.4604,14.61816087,4.008167693,6.16841049,22.04492347,6528.476905,34906.78511,-73257.72915,71418.15309,0.532506715,2.847273766,-5.610283884,6.150905028,11228.3624,30648.2887,-61627.89633,57393.87217,4.440147354,12.13151039,-18.91941498,27.76444733
1967,5309949.851,234334.9132,4941698.622,5155752.066,5311593.772,5436489.015,5787770.803,1352478.546,44540.91958,1269798.537,1326573.888,1349142.683,1377322.587,1436160.162,290283.1734,38570.80914,228512.6159,263717.4493,285051.3464,322734.2355,356024.4181,6090390.114,1364247.385,292338.7255,780440.2629,234334.9132,302619.3107,1148691.492,14.69769555,4.460540573,5.228598731,23.24487144,11768.8392,44540.91958,-71912.77619,94448.84888,0.870168272,3.293405724,-5.007295016,7.43809716,2055.55201,38570.80914,-63685.69263,63826.10959,0.708119587,13.28763762,-17.88801256,27.93110978
1968,5817605.001,279679.2607,5349057.63,5614151.296,5786144.611,6046842.222,6336262.956,1478538.116,40541.63514,1406366.09,1448514.488,1475629.06,1506666.104,1559895.571,310415.5112,39561.64418,255748.8911,279736.4809,304578.6306,337166.2472,385023.4282,6651447.911,1489924.332,319269.4997,833842.9098,279679.2607,315184.9552,1302390.281,14.333096,4.85659456,4.974303583,24.34803233,11386.21598,40541.63514,-69971.23941,83558.2419,0.770099591,2.742089423,-4.485636134,5.941428941,8853.988554,39561.64418,-65753.92845,63520.60863,2.852302232,12.74992145,-17.07790322,24.83710031
1969,5534137.349,229017.8428,5117477.321,5356678.087,5537692.201,5668049.372,6006646.253,1425547.488,37597.72463,1364976.505,1397617.036,1422158.083,1456891.948,1502495.809,295472.4517,35316.61738,248033.6255,269261.4787,289030.9848,310561.1462,372672.0249,6390947.845,1431572.317,306765.4965,856810.4953,229017.8428,384301.5912,1273470.524,15.48227739,4.187579084,6.397939465,24.88473214,6024.829174,37597.72463,-70923.49146,66595.81209,0.422632653,2.637447067,-4.720378656,4.87889805,11293.04481,35316.61738,-65906.52838,58731.87103,3.822029681,11.96131919,-17.68486067,23.6789955
1970,6179345.734,268717.8654,5683026.155,5995248.404,6200237.935,6386716.114,6614831.978,1611631.566,57479.07227,1502067.993,1574183.521,1606027.627,1646284.2,1741680.345,337083.8608,52225.97658,274387.6167,301496.1493,326937.4193,350024.5509,493925.3485,7297201.531,1634573.143,350265.6735,1117855.797,268717.8654,682369.5532,1614175.377,18.09019669,4.419228944,10.31575035,28.40344797,22941.57733,57479.07227,-107107.2018,132505.1498,1.423500124,3.566875758,-6.149647503,8.821514764,13181.81267,52225.97658,-143659.675,75878.05677,3.910543994,15.50530901,-29.08530114,27.65360102
1971,6101896.829,220283.544,5671661.229,5963659.392,6097588.632,6236999.089,6556140.724,1585100.479,47804.10719,1508878.396,1548829.404,1579145.014,1620519.844,1674357.827,337250.5341,37871.85104,283472.0618,311028.2077,331114.942,353645.4825,434871.8006,7181983.863,1608764.385,344735.2254,1080087.034,220283.544,625843.1392,1510322.634,17.70084064,3.666202389,9.545907654,26.6292815,23663.90668,47804.10719,-65593.4417,99885.98928,1.492896318,3.016176872,-3.917528299,6.619883322,7484.69131,37871.85104,-90136.57515,61263.16359,2.219326748,11.23235482,-20.72716029,21.61171129
1972,5522156.968,98754.57053,5331842.053,5464943.45,5523064.349,5565908.587,5713885.967,1397764.353,18386.53467,1362869.089,1386279.542,1395134.253,1409816.07,1431234.364,288957.0753,13044.38499,269127.182,278509.979,287208.0332,297350.8325,315784.7873,6391757.472,1431753.674,306804.3586,869600.5039,98754.57053,677871.5047,1059915.419,15.74747891,1.810371306,11.86358126,19.87897256,33989.32057,18386.53467,519.3100323,68884.58431,2.431691758,1.31581335,0.036284067,5.05438012,17847.28337,13044.38499,-8980.428702,37677.17662,6.176447955,4.522901017,-2.843844625,13.99976633
1973,5617429.866,55069.24207,5529306.265,5577759.272,5612477.346,5657902.152,5729430.561,1403203.112,9322.454325,1386497.664,1396464.718,1403104.118,1409975.818,1421101.537,290659.8273,7057.332279,279635.654,285801.2338,289158.1367,294977.0703,305004.9959,6437376.3,1441972.291,308994.0624,819946.434,55069.24207,707945.7388,908070.0356,14.59646945,0.990716318,12.35630193,16.42285654,38769.17922,9322.454325,20870.75407,55474.62722,2.762905732,0.664623089,1.46863215,4.001061715,18334.23512,7057.332279,3989.0665,29358.40843,6.30779812,2.432864003,1.307869233,10.49880729
1974,6188033.978,100607.042,6031044.953,6119597.987,6182362.841,6247078.994,6398932.943,1561669.749,17244.14965,1530996.594,1549289.962,1559818.826,1570122.152,1596220.841,322967.9216,14751.80301,302456.8728,312571.1002,320001.0868,330056.3761,362110.2112,7119832.526,1594842.486,341751.9613,931798.5482,100607.042,720899.5837,1088787.574,15.05807097,1.644161274,11.26593434,18.05305021,33172.73703,17244.14965,-1378.354895,63845.89151,2.124183878,1.104461403,-0.08635114,4.170217736,18784.03967,14751.80301,-20358.24992,39295.08842,5.816069776,4.575294069,-5.622114287,12.99196413
1975,6267141.897,82516.94654,6108749.149,6211392.251,6260614.739,6309229.374,6449879.143,1575254.917,12718.45035,1553007.896,1566748.557,1573901.862,1583594.875,1602620.161,324284.2168,10360.33276,309537.4957,315991.815,322968.3411,330615.7691,345428.5084,7208404.399,1614682.585,346003.4111,941262.5013,82516.94654,758525.2551,1099655.25,15.01900734,1.331427113,11.76030183,18.0013162,39427.66855,12718.45035,12062.42445,61674.68959,2.50293893,0.807642843,0.752668957,3.971305604,21719.19435,10360.33276,574.9027053,36465.91543,6.697579846,3.201988623,0.166431748,11.78077484
1976,6632851.999,99673.50449,6477117.01,6567155.237,6623920.581,6693496.633,6830759.853,1676011.416,17595.01838,1643174.351,1664167.78,1676760.949,1687656.135,1708135.463,345198.092,16762.05496,323105.3399,334402.217,342253.345,351323.1243,381462.7431,7657210.664,1715215.189,367546.1119,1024358.664,99673.50449,826450.8109,1180093.654,15.44371357,1.520539703,12.09895866,18.21942774,39203.77282,17595.01838,7079.726092,72040.83803,2.339111324,1.050102109,0.414470998,4.384247965,22348.01991,16762.05496,-13916.6312,44440.77191,6.473969708,4.865943763,-3.648228156,13.75426724
1977,6611714.003,50488.57072,6526985.98,6580627.141,6605438.17,6647201.402,6703257.191,1653205.065,7665.802389,1638825.692,1648159.331,1653343.415,1658692.488,1666769.13,337947.0802,4964.078548,328738.2021,335311.0932,337768.2396,339694.0419,351071.2157,7558603.48,1693127.18,362812.9671,946889.477,50488.57072,855346.289,1031617.5,14.32139195,0.771414322,12.7601592,15.80541927,39922.1142,7665.802389,26358.0498,54301.48727,2.41483135,0.463828556,1.581385768,3.313438856,24865.88688,4964.078548,11741.75136,34074.76492,7.357923279,1.472863126,3.344549719,10.36531948
1978,7034770.15,54831.15623,6938016.958,6994211.185,7036750.432,7065983.015,7151895.497,1763114.148,9369.364068,1743434.766,1757138.386,1763644.8,1769181.462,1782511.622,361376.0657,6668.783581,350955.852,356499.7935,360526.9431,365808.7831,374543.8316,8013227.676,1794962.999,384634.9284,978457.526,54831.15623,861332.1786,1075210.718,13.90887698,0.786933867,12.04341113,15.49737807,31848.85128,9369.364068,12451.37775,51528.23361,1.806397579,0.531496648,0.698529962,2.955558454,23258.86276,6668.783581,10091.09684,33679.07649,6.436193475,1.849204339,2.69423656,9.596385499
1979,6751011.01,59342.34552,6638163.889,6703778.985,6749621.492,6791508.005,6864583.442,1706733.03,7999.477722,1692028.813,1701284.716,1706540.578,1711881.885,1723769.458,348912.6455,7234.549243,337687.5725,343684.8919,348820.071,353167.5886,364856.1219,7734903.482,1732618.38,371275.3671,983892.4718,59342.34552,870320.0401,1096739.593,14.57400188,0.888300349,12.6784101,16.52173118,25885.35027,7999.477722,8848.921528,40589.56693,1.516660768,0.468755076,0.513347158,2.398869725,22362.72158,7234.549243,6419.245275,33587.79465,6.409260846,2.077710101,1.759390864,9.946411235
1980,6797409.681,47074.16031,6709540.573,6767482.223,6797270.033,6832212.374,6885089.66,1713108.732,6167.140112,1700785.38,1709267.506,1713560.611,1717448.441,1725548.909,349927.6786,5339.510164,340844.4557,346635.1435,349203.3837,352957.0252,362097.3095,7741856.657,1734175.891,371609.1195,944446.9762,47074.16031,856766.9965,1032316.083,13.89421884,0.699183545,12.44380304,15.38579389,21067.15893,6167.140112,8626.981707,33390.51076,1.229761926,0.360024224,0.499955791,1.963240697,21681.44091,5339.510164,9511.810059,30764.66382,6.195977693,1.528815781,2.62686571,9.02601269
1981,6978541.673,47510.77094,6895800.975,6945204.226,6976292.956,7009264.625,7070961.553,1764851.143,8521.412051,1748794.82,1758828.166,1765315.102,1770387.636,1780561.813,361643.1503,6855.064092,347339.8721,356874.2212,361601.5165,366531.1965,375618.7165,7983111.172,1788216.903,383189.3363,1004569.499,47510.77094,912149.6194,1087310.197,14.39512073,0.687830023,12.89993748,15.76771431,23365.7595,8521.412051,7655.089759,39422.08272,1.323950725,0.482882587,0.429925527,2.254242881,21546.18601,6855.064092,7570.61974,35849.46414,5.957858179,1.898893897,2.015506525,10.32114854
1982,7469287.578,66661.88485,7343306.87,7425408.115,7469848.163,7514368.496,7594039.691,1891656.648,9440.291128,1872919.337,1884619.714,1893456.609,1898023.502,1906908.793,386737.017,8089.015591,375016.3302,380810.5426,385707.3707,391964.5268,406269.9643,8531066.204,1910958.83,409491.1778,1061778.625,66661.88485,937026.5129,1187759.334,14.21525968,0.901452058,12.33897308,16.17472012,19302.18211,9440.291128,4050.036402,38039.49278,1.020385075,0.49907485,0.212387526,2.031026752,22754.16077,8089.015591,3221.213465,34474.84754,5.88362628,2.095223378,0.79287512,9.192892352
1983,7311001.888,50057.45215,7226640.324,7279849.908,7306119.273,7336842.783,7405754.045,1842421.523,7364.00958,1830489.957,1837160.142,1841845.385,1848281.326,1855343.106,375849.7513,5387.232509,365915.3695,372353.274,375985.6078,378853.8469,385605.2431,8370245.021,1874934.885,401771.761,1059243.133,50057.45215,964490.9761,1143604.697,14.4883444,0.691835506,13.02353508,15.82484592,32513.36198,7364.00958,19591.7791,44444.92772,1.764708107,0.399754131,1.055965284,2.428034502,25922.00975,5387.232509,16166.51787,35856.39151,6.896907517,1.436752347,4.19250468,9.799094134
1984,7878392.327,54687.32295,7779155.638,7850276.569,7876981.911,7913452.901,7985767.871,1992855.541,7685.757555,1979858.296,1987742.714,1992476.594,1999758.606,2005314.602,402567.1846,4698.304241,394160.5834,399367.4826,402154.8749,405316.9688,410884.8993,8957332.038,2006442.377,429951.9378,1078939.711,54687.32295,971564.1672,1178176.4,13.69492234,0.7006223,12.16619595,15.14529924,13586.83592,7685.757555,1127.774542,26584.08081,0.681777261,0.385674527,0.056239282,1.34272644,27384.75327,4698.304241,19067.0385,35791.35445,6.802529942,1.169782943,4.640481685,9.080399198
1985,8097353.619,64143.9446,7978632.587,8044883.422,8097465.116,8142256.521,8211202.423,2057868.012,9151.745758,2041405.235,2051768.352,2058643.993,2063359.281,2075820.582,415876.2342,5465.522396,405288.9153,412008.0563,415509.7628,419475.7852,425918.7861,9237036.564,2069096.19,443377.7551,1139682.945,64143.9446,1025834.141,1258403.977,14.07475824,0.799967173,12.49310501,15.77217604,11228.17861,9151.745758,-6724.391429,27690.95495,0.545621903,0.444726383,-0.323938952,1.356465364,27501.52084,5465.522396,17458.96896,38088.8398,6.612909942,1.317088939,4.099130992,9.397947578
1986,8540014.277,94311.73225,8358655.047,8488326.831,8542195.014,8601621.716,8706882.07,2191629.515,17718.94906,2160817.927,2179438.182,2190071.493,2202295.719,2227457.701,447311.6218,12676.85521,422928.8294,439828.3777,448158.0331,454573.7874,469958.2359,9829570.25,2201823.736,471819.372,1289555.973,94311.73225,1122688.18,1470915.202,15.10016179,1.11687045,12.89426193,17.59751053,10194.22089,17718.94906,-25633.96534,41005.80934,0.465143439,0.808491609,-1.150817155,1.897698498,24507.75018,12676.85521,1861.13604,48890.54258,5.478898599,2.838260226,0.396021582,11.55999288
1987,8548610.808,79503.53295,8405526.687,8493648.956,8531434.013,8598938.843,8717992.827,2186713.524,13893.84348,2155058.98,2178157.008,2187208.488,2197560.346,2210969.173,449121.9426,8882.316013,432568.8799,442821.7899,448317.8986,453950.7132,467410.5192,9811344.879,2197741.253,470944.5542,1262734.071,79503.53295,1093352.052,1405818.192,14.77121955,0.940108213,12.54132773,16.72492688,11027.72933,13893.84348,-13227.92053,42682.27242,0.504306084,0.635383648,-0.598286068,1.980561684,21822.61158,8882.316013,3534.035012,38375.67429,4.858950212,1.980040228,0.756088035,8.87157539
1988,8867877.845,88427.11706,8735358.868,8806243.637,8859551.71,8927351.559,9043860.96,2265102.266,15025.10742,2238355.627,2255960.936,2262969.875,2275090.583,2297333.471,463758.8088,14059.57577,442285.0041,453345.541,462751.6034,470475.8489,497165.4492,10125389.76,2268087.306,486018.7084,1257511.914,88427.11706,1081528.799,1390030.891,14.18052815,1.007138036,11.95870662,15.9126936,2985.04035,15025.10742,-29246.16505,29731.67878,0.131783911,0.663330777,-1.273048315,1.328282174,22259.8996,14059.57577,-11146.74077,43733.7043,4.799887177,3.035147162,-2.242058612,9.888127314
1989,8843734.831,95144.92689,8700090.539,8774280.697,8846782.25,8902993.069,9045248.059,2268777.439,18191.66609,2235876.588,2257569.152,2267938.368,2280702.15,2302526.044,461706.6164,14733.6621,438416.0396,451945.6828,461148.5672,468865.1457,503939.8379,10146641.78,2272847.759,487038.8055,1302906.95,95144.92689,1101393.722,1446551.242,14.73254202,1.087458362,12.17648996,16.62685273,4070.320035,18191.66609,-29678.28498,36971.17097,0.179405876,0.801828115,-1.288944594,1.65354256,25332.18911,14733.6621,-16901.03241,48622.76591,5.486641996,3.195930373,-3.353779785,11.09055361
1990,8404901.979,72417.53556,8276159.105,8358190.902,8399103.093,8438713.029,8545811.964,2154375.898,14045.37731,2129669.766,2143670.333,2153694.709,2164171.477,2180714.208,440496.9243,11420.83624,422495.1256,432529.4172,439062.8663,447559.128,466878.513,9639212.984,2159183.708,462682.2232,1234311.004,72417.53556,1093401.02,1363053.878,14.68560856,0.870852202,12.79458317,16.46964324,4807.809985,14045.37731,-21530.49984,29513.94244,0.223164861,0.651948079,-0.987314145,1.385845961,22185.29891,11420.83624,-4196.289733,40187.09758,5.036425384,2.596002661,-0.898796928,9.51184881
1991,8357862.278,89288.93829,8207272.778,8289751.88,8355344.115,8432432.008,8499806.667,2145094.487,15448.02939,2116389.322,2134675.556,2144999.071,2154049.123,2179222.186,438147.2355,12989.26832,417996.4869,429753.6431,436970.5347,444846.9558,468339.3475,9609744.981,2152582.876,461267.7591,1251882.702,89288.93829,1109938.313,1402472.202,14.9785036,1.080240413,13.05839482,17.08816364,7488.388579,15448.02939,-26639.3105,36193.55339,0.349093647,0.720160516,-1.222422875,1.710155736,23120.52358,12989.26832,-7071.58847,43271.27213,5.276884505,2.968714472,-1.509928326,10.35206598
1992,8497334.325,130775.2821,8244992.563,8411465.493,8488384.218,8579661.513,8732332.899,2190060.806,21838.31429,2147640.711,2176571.624,2188404.356,2202929.342,2234941.979,454275.7933,20329.16497,425394.7531,438599.9896,452606.2181,466234.2368,498581.2338,9918269.154,2221692.291,476076.9194,1420934.83,130775.2821,1185936.256,1673276.591,16.72212455,1.560384723,13.58097852,20.29445846,31631.48448,21838.31429,-13249.68887,74051.57996,1.44431992,0.997259616,-0.592842633,3.448043222,21801.12614,20329.16497,-22504.31436,50682.16633,4.799094837,4.480221525,-4.51367056,11.91414938
1993,8607968.707,164775.2982,8328136.11,8489373.28,8590435.839,8714197.024,8963364.693,2221188.992,30054.32926,2158602.892,2201781.154,2219824.11,2243172.166,2279374.755,459747.6017,26164.34057,418794.3674,441584.7396,456340.9193,475864.9013,522628.8237,9997504.726,2239441.059,479880.2269,1389536.02,164775.2982,1034140.034,1669368.617,16.14243809,1.938997934,11.53740888,20.04492476,18252.06653,30054.32926,-39933.69662,80838.16623,0.821725058,1.353119614,-1.751958362,3.74492995,20132.62516,26164.34057,-42748.5968,61085.85951,4.379060399,5.696476729,-8.179532943,14.58612251
1994,9222271.904,242043.4076,8784003.371,9052767.015,9206199.334,9349060.212,9757887.747,2390790.951,41830.88605,2317477.35,2360953.173,2390111.105,2420691.855,2472525.607,506675.5184,44062.93283,447001.8817,476150.6465,498414.0589,529456.4811,609572.3455,10726874.3,2402819.844,514889.9666,1504602.401,242043.4076,968986.5579,1942870.934,16.3148779,2.659253091,9.930290069,22.11828539,12028.89314,41830.88605,-69705.76299,85342.49423,0.50313446,1.749689386,-2.819212986,3.682560014,8214.448205,44062.93283,-94682.37886,67888.08493,1.621244348,8.697622377,-15.53259093,15.1874271
1995,9156585.417,173592.8984,8881268.504,9033050.095,9125347.674,9260343.413,9559184.298,2350594.007,26731.25608,2300450.195,2333854.129,2348384.173,2365792.875,2407820,497908.8531,25983.99678,458733.5886,479084.9836,494517.6801,512063.6665,554837.1233,10593072.9,2372848.33,508467.4992,1436487.484,173592.8984,1033888.603,1711804.397,15.68802582,1.919013361,10.81565718,19.27432322,22254.32315,26731.25608,-34971.67051,72398.13454,0.946753165,1.137263772,-1.452420468,3.14712897,10558.64614,25983.99678,-46369.62407,49733.91061,2.120598193,5.219798438,-8.357339862,10.84156727
1996,9286350.58,184581.4061,8964546.206,9154341.829,9270690.492,9402729.359,9661034.151,2401591.888,35713.02882,2330375.876,2375065.213,2404012.797,2425462.137,2465072.107,495947.4676,27413.70494,460770.9951,477596.8256,491358.0906,509057.0318,563133.8321,10861736.5,2433028.975,521363.3519,1575385.918,184581.4061,1200702.346,1897190.291,16.96453202,2.016062693,12.4283004,21.16326078,31437.08703,35713.02882,-32043.132,102653.0998,1.309010377,1.487183921,-1.299886194,4.405001823,25415.88424,27413.70494,-41770.4802,60592.35677,5.124712979,5.534795719,-7.41750501,13.15021071
1997,9183458.217,176232.183,8840321.413,9080094.399,9192301.007,9288687.493,9562735.883,2355381.286,24773.47549,2311200.835,2341049.253,2354682.699,2368723.254,2405634.942,487079.971,21255.5864,456014.9383,470494.7912,483449.2603,497919.0472,528461.961,10680195.77,2392363.852,512649.3969,1496737.553,176232.183,1117459.887,1839874.356,16.29819091,1.944338124,11.68556677,20.81230161,36982.56636,24773.47549,-13271.08966,81163.01716,1.570130772,1.051911602,-0.551666815,3.511724984,25569.42596,21255.5864,-15812.56409,56634.45867,5.249533442,4.369888965,-2.992185863,12.41943058
1998,8354674.588,60123.89904,8241572.228,8314909.15,8353361.775,8390877.646,8483312.046,2125638.069,10639.79887,2105885.831,2118506.868,2125951.129,2133118.965,2145780.975,438924.5553,6614.315447,425357.9316,434233.6181,438980.3435,443083.6211,450843.9851,9681114.618,2168569.674,464693.5017,1326440.03,60123.89904,1197802.572,1439542.39,15.87662112,0.728657296,14.11951565,17.46684188,42931.60524,10639.79887,22788.69912,62683.84315,2.019704382,0.500648201,1.062023542,2.97660216,25768.94632,6614.315447,13849.51656,39335.57004,5.870928388,1.50953156,3.071908913,9.247639956
1999,8845320.985,168474.4383,8548633.502,8733355.375,8835122.411,8933876.645,9228752.995,2285508.152,29779.90836,2239627.825,2265718.322,2283268.762,2300015.416,2351911.168,469980.8186,25933.99721,429797.9421,449971.5121,469370.9912,486694.1342,522797.1064,10331361.13,2314224.894,495905.3343,1486040.147,168474.4383,1102608.137,1782727.63,16.80029644,1.931365628,11.94753113,20.85394852,28716.742,29779.90836,-37686.27404,74597.06848,1.256470776,1.303091348,-1.602368089,3.330779679,25924.51576,25933.99721,-26891.7721,66107.39223,5.516079537,5.526485566,-5.143825735,15.38103973
2000,9071552.84,228247.6142,8701904.443,8904069.695,9054921.366,9216286.009,9512851.991,2363809.871,45997.72346,2285131.512,2332419.581,2357732.599,2393979.58,2471228.395,486028.1197,33434.06445,439209.9543,463014.9493,480002.466,500761.4921,564494.9888,10690002.85,2394560.638,513120.1368,1618450.011,228247.6142,1177150.859,1988098.407,17.84093682,2.5558106,12.37432118,22.84670465,30750.76769,45997.72346,-76667.75627,109429.1268,1.300898523,1.946079338,-3.102414833,4.788745252,27092.01715,33434.06445,-51374.85202,73910.18255,5.574166608,6.88971787,-9.101028891,16.82798439
2001,8841669.896,173562.3114,8549487.774,8716063.764,8818708.174,8949242.27,9174006.794,2285149.474,30800.73597,2230022.646,2265772.104,2282106.796,2298404.713,2365002.699,473465.4675,25625.95916,437615.9143,453838.7764,470609.092,484638.2135,538759.9881,10302945.84,2307859.869,494541.4004,1461275.946,173562.3114,1128939.048,1753458.067,16.52714886,1.989632528,12.30584491,20.5095102,22710.39467,30800.73597,-57142.83043,77837.22271,0.993825346,1.347931825,-2.416184576,3.490422972,21075.93295,25625.95916,-44218.58768,56925.48612,4.451419249,5.417783861,-8.207474322,13.00809323
2002,8840649.199,183642.4073,8551680.646,8695467.163,8834929.661,8950518.2,9184728.274,2294577.041,38737.23832,2242973.878,2265032.91,2294741.135,2318378.696,2370210.025,471497.1716,27768.43702,429346.862,452238.6599,466659.1608,485904.5926,533714.5922,10277813.96,2302230.326,493335.0699,1437164.758,183642.4073,1093085.683,1726133.311,16.25632604,2.104518819,11.90112162,20.18472605,7653.285321,38737.23832,-67979.6989,59256.4483,0.333537954,1.688217615,-2.868087561,2.641869746,21837.89832,27768.43702,-40379.52225,63988.20794,4.631607491,5.895731061,-7.565751966,14.90361607
2003,8627353.203,133675.9354,8397114.756,8537520.434,8610931.438,8709668.102,8896290.136,2227420.694,25839.16826,2186195.226,2206566.774,2224809.524,2242416.984,2284438.034,467420.1315,19557.86368,442156.27,453680.3739,460562.3817,476881.5315,507960.9797,9948612.678,2228489.24,477533.4085,1321259.475,133675.9354,1052322.542,1551497.922,15.31477202,1.567508357,11.82877948,18.47655971,1068.545571,25839.16826,-55948.79445,42294.01369,0.047972328,1.160048988,-2.449127252,1.93459455,10113.27701,19557.86368,-30427.57112,35377.13854,2.163637448,4.185194359,-5.990139468,8.001048711
2004,9049466.978,216584.8337,8726631.738,8873738.587,9024381.081,9173699.89,9523249.715,2363994.71,38601.2504,2302415.345,2335979.306,2362259.491,2388584.671,2444735.645,497492.428,34416.65966,452150.7215,474801.886,492854.4515,517250.4139,585850.5721,10512570.33,2354815.754,504603.3759,1463103.353,216584.8337,989320.615,1785938.593,16.16784012,2.424422641,10.38847709,20.46538282,-9178.956531,38601.2504,-89919.89128,52400.4085,-0.388281602,1.632894575,-3.678102843,2.275888606,7110.947811,34416.65966,-81247.19628,52452.6543,1.429357998,6.918733495,-13.86824561,11.60070123
2005,8831636.783,199549.1603,8474011.094,8687015.44,8797852.104,8986920.68,9177945.409,2305367.639,38912.50521,2241489.022,2278364.644,2303998.641,2328030.92,2391848.076,488254.7162,34764.75533,441120.052,461390.8857,485660.0867,504852.9035,563778.5478,10257220.9,2297617.481,492346.603,1425584.113,199549.1603,1079275.486,1783209.802,16.1417883,2.288727989,11.75944548,21.04327906,-7750.158558,38912.50521,-94230.59509,56128.45904,-0.336178856,1.687918423,-3.939656371,2.504070218,4091.886771,34764.75533,-71431.94482,51226.55098,0.838063952,7.120458853,-12.67021335,11.61283663
2006,8319326.817,150964.0741,8072408.289,8197519.775,8325058.105,8425306.662,8622773.135,2144555.423,27590.81081,2092573.927,2124141.135,2142014.921,2162011.598,2196233.532,446034.3455,25998.19702,416619.9024,430909.275,439671.204,451681.5413,506152.5651,9621768.299,2155276.099,461844.8783,1302441.482,150964.0741,998995.1638,1549360.009,15.65561145,1.836722239,11.58554386,19.19328104,10720.67574,27590.81081,-40957.43306,62702.17215,0.499902013,1.286567615,-1.864894259,2.996413716,15810.53288,25998.19702,-44307.68677,45224.97593,3.544689561,5.832404006,-8.753820454,10.85521255
2007,8400016.327,154892.6002,8141158.595,8284716.565,8389405.649,8492111.023,8712694.25,2170762.821,27806.68941,2119102.851,2151517.218,2171408.774,2190211.33,2224410.402,450595.9004,23420.94659,418439.7728,431886.7257,447144.6502,464080.7155,509384.8861,9687885.379,2170086.325,465018.4982,1287869.051,154892.6002,975191.1286,1546726.784,15.33174462,1.865502294,11.19276197,18.99885336,-676.4965656,27806.68941,-54324.07672,50983.47417,-0.031164002,1.280964023,-2.442178686,2.405898994,14422.59772,23420.94659,-44366.38792,46578.72542,3.200783164,5.200433668,-8.709796684,11.1315244
2008,8181587.077,157318.9026,7895563.553,8056715.628,8169417.958,8280225.114,8528358.89,2105396.14,27424.75388,2060694.742,2083171.302,2104617.126,2126555.858,2154255.331,438045.2504,24154.1088,402333.7926,419004.3842,435675.3074,453487.373,491968.8412,9422003.022,2110528.677,452256.1451,1240415.945,157318.9026,893644.1321,1526439.469,15.16106757,1.944814364,10.47850054,19.33287547,5132.536756,27424.75388,-43726.654,49833.93532,0.243780097,1.302597399,-2.029780471,2.418307492,14210.89471,24154.1088,-39712.69616,49922.35249,3.24416135,5.516967947,-8.072197431,12.40819275
2009,8065820.402,141834.8931,7803459.76,7976577.86,8050051.794,8146903.708,8362734.705,2057261.626,28083.1219,2001107.559,2038738.624,2058011.569,2076689.884,2109997.445,432970.8095,25247.01403,395315.777,418147.9938,427629.716,443374.5077,481318.8528,9212108.211,2063512.239,442181.1941,1146287.809,141834.8931,849373.5054,1408648.45,14.21167038,1.776137537,10.15664774,18.05158857,6250.613051,28083.1219,-46485.20544,62404.68027,0.303831704,1.365079247,-2.203092973,3.118507049,9210.384563,25247.01403,-39137.65866,46865.41707,2.127253007,5.832431477,-8.131337144,11.85518509
2010,7763713.924,80039.19025,7610662.277,7706245.774,7759027.769,7819830.007,7912527.45,1977953.106,16830.97309,1948166.921,1967276.344,1976520.133,1990470.095,2010712.415,408051.5904,11573.88497,390790.6474,400112.4429,406496.9712,413388.4308,435321.5502,8870392.635,1986967.95,425778.8465,1106678.711,80039.19025,957865.1853,1259730.358,14.25450141,1.041360658,12.10567914,16.55217787,9014.844414,16830.97309,-23744.46504,38801.02902,0.455766337,0.850937661,-1.180898116,1.991668609,17727.25605,11573.88497,-9542.703701,34988.1991,4.344366365,2.839053221,-2.192104594,8.953182306
2011,8280048.808,170876.326,7980908.574,8144003.644,8274186.851,8404682.397,8609191.095,2139001.454,27237.3061,2094700.224,2118404.03,2137669.061,2157144.757,2192862.658,445157.757,30096.11647,406894.4442,428498.8235,437923.8502,453916.279,523178.3473,9587388.744,2147575.079,460194.6597,1307339.936,170876.326,978197.6486,1606480.17,15.78903659,2.089276742,11.36224806,20.12903863,8573.624664,27237.3061,-45287.57979,52874.85444,0.400823695,1.273375707,-2.065226457,2.524220594,15036.9027,30096.11647,-62983.68756,53300.21545,3.377881765,6.764631428,-12.03866481,13.09927334
2012,7820967.769,102938.937,7638675.761,7762172.714,7817182.556,7870565.965,8067345.042,2005868.312,19290.39298,1972115.32,1993375.556,2005674.031,2016948.143,2042637.744,411665.6815,14494.03275,393233.4571,402395.1328,408765.1618,417191.0273,451374.3776,9002497.724,2016559.49,432119.8907,1181529.955,102938.937,935152.6819,1363821.962,15.10720911,1.331126649,11.59182701,17.85416746,10691.17782,19290.39298,-26078.25426,44444.17012,0.532995,0.961711537,-1.276695015,2.253629373,20454.20922,14494.03275,-19254.48683,38886.43366,4.968645708,3.525169429,-4.265746526,9.888892453
2013,7868386.359,125071.0073,7663088.908,7777430.023,7863609.367,7934101.243,8152482.297,2030666.532,23394.13671,1987161.663,2014524.484,2030203.76,2046716.716,2071270.631,418217.0408,19884.03729,390244.2836,404821.9123,415888.2631,428634.9321,467052.2944,9154779.291,2050670.561,439429.406,1286392.931,125071.0073,1002296.994,1491690.383,16.34887857,1.610641174,12.29437804,19.46591513,20004.0287,23394.13671,-20600.06975,63508.8984,0.985096685,1.152098161,-0.994561959,3.195960328,21212.36513,19884.03729,-27622.88839,49185.12238,5.072094882,4.760589813,-5.914303114,12.6036753
2014,7934702.39,64920.47906,7818475.777,7890665.482,7928283.586,7971550.344,8069881.264,2020530.049,12093.55897,1997143.318,2012482.647,2020565.117,2027617.038,2043774.879,412531.1681,9405.189732,395672.4511,406479.3226,411304.9669,417839.5936,432899.8067,9111570.776,2040991.854,437355.3972,1176868.386,64920.47906,1041689.512,1293094.999,14.8319159,0.827134658,12.90836232,16.53896534,20461.80517,12093.55897,-2783.025504,43848.53595,1.012694921,0.598564673,-0.136170844,2.19556281,24824.22913,9405.189732,4455.590539,41682.94615,6.01754026,2.283997802,1.029242903,10.53471022
2015,7993320.908,95218.34191,7825376.812,7935208.574,7981781.811,8047791.849,8195523.444,2029116.02,17563.13218,1998146.13,2017043.714,2026307.366,2039533.239,2066152.105,416515.5416,14402.15059,394127.5984,406801.7628,414030.4472,422846.0307,454502.3623,9222479.49,2065835.406,442679.0155,1229158.581,95218.34191,1026956.046,1397102.678,15.37732059,1.20522548,12.530695,17.85348759,36719.38593,17563.13218,-316.6993027,67689.27542,1.809624761,0.86569755,-0.015327976,3.387603859,26163.47392,14402.15059,-11823.34681,48551.41714,6.281512046,3.464585289,-2.601382916,12.31870525
2016,7747382.802,79821.22781,7612980.879,7689043.209,7748903.85,7800628.628,7904582.653,1960088.048,13682.11401,1933591.389,1951352.001,1958606.526,1966778.778,1988498.573,402843.3145,12256.85879,384672.1474,394030.2502,402269.2885,409775.4375,427647.5084,8875021.74,1988004.87,426001.0435,1127638.938,79821.22781,970439.0869,1262040.861,14.55509514,1.041155551,12.27691745,16.57748628,27916.82133,13682.11401,-493.7028028,54413.48064,1.424263637,0.698106479,-0.024827918,2.814114758,23157.72904,12256.85879,-1646.464897,41328.89613,5.748569782,3.047610245,-0.385005142,10.74392737
2017,7863377.897,89294.30985,7693870.958,7808518.608,7860566.894,7912565.615,8044331.291,1992553.604,16213.54606,1960345.277,1981869.078,1992201.589,2002042.539,2022999.35,412414.5901,13211.07755,392273.6424,401806.3409,410468.7883,419324.261,439506.0326,9075551.5,2032923.536,435626.472,1212173.603,89294.30985,1031220.209,1381680.542,15.41543111,1.148985292,12.81921607,17.9581975,40369.93208,16213.54606,9924.185942,72578.25872,2.026039952,0.813873884,0.490567925,3.702320176,23211.88194,13211.07755,-3879.560643,43352.82964,5.628288256,3.208418448,-0.882709304,11.0516805
2018,7909975.18,158509.4898,7625907.167,7798148.111,7900588.882,8024575.375,8200834.636,2022831.737,29696.9951,1976723.183,2002531.67,2022748.814,2037691.18,2087784.095,415885.9358,19437.88796,388325.4287,402526.5343,410459.3394,431383.3911,454318.1298,9153412.167,2050364.325,439363.784,1243436.987,158509.4898,952577.5309,1527505,15.71985953,2.028527646,11.61561686,20.03046938,27532.58846,29696.9951,-37419.7693,73641.14299,1.361091383,1.468226211,-1.792319876,3.725415053,23477.84823,19437.88796,-14954.34577,51038.35533,5.645261406,4.681292376,-3.291602248,13.14319165
