area_name,C_extracted,C_extracted_SD,C_extracted_mesopredators,CE_meso_prop,C_extracted_highpred,CE_highpred_prop,C_extracted_low.level.con,CE_low.level_prop,C_extracted_pelagic,CE_pel_prop,C_extracted_demersal,CE_dem_prop,C_extracted_benthopel,CE_benthopel_prop,C_extracted_miscfun,CE_miscfun_prop
Albania,31220.23243,628.8044645,24897.23549,0.797471177,5424.55491,0.173751266,898.4420244,0.028777557,11038.81419,0.35357886,19866.95089,0.63634859,,,314.4673447,0.01007255
Algeria,719922.5593,3274.166559,566928.7545,0.787485747,68394.9892,0.095003259,84598.8156,0.117510994,571729.9957,0.794154855,57523.04694,0.079901715,18178.24383,0.025250277,72491.27275,0.100693153
American Samoa,24356.77929,498.2663498,8843.643169,0.363087544,15512.65281,0.636892613,0.483312216,1.98E-05,15634.35751,0.641889361,8537.685169,0.350526031,39.88571458,0.001637561,144.8509023,0.005947047
Andaman & Nicobar Isl. (India),50115.23199,448.2962436,8653.188307,0.172665834,41452.16395,0.827137026,9.87973241,0.00019714,48603.73024,0.969839474,105.8564106,0.00211226,2.674151174,5.34E-05,1402.971183,0.027994905
Angola,3297854.632,17487.28041,2442014.569,0.740485813,308461.3501,0.093533944,547378.7124,0.165980243,1137336.029,0.344871486,1088226.921,0.329980258,768014.8926,0.232883186,304276.7898,0.09226507
Anguilla (UK),1560.718591,16.42613787,205.3366155,0.131565432,1355.381976,0.868434568,,,1341.304275,0.859414556,155.1889097,0.099434267,0.187565213,0.000120179,64.03784129,0.041030998
Antigua & Barbuda,1790.312022,17.80167538,735.8123746,0.410996723,1054.499647,0.589003277,,,1028.171906,0.574297605,557.5377783,0.311419334,0.622943584,0.000347953,203.9793942,0.113935108
Argentina,4429268.254,19551.93657,1860900.162,0.420137155,2181563.161,0.492533537,382786.2816,0.086422014,143690.7331,0.03244119,130443.2694,0.029450298,2708306.302,0.611456825,1446827.95,0.326651687
Aruba (Netherlands),14658.62805,155.1707591,4239.747124,0.289232192,10363.11698,0.706963636,55.76394222,0.003804172,10496.55784,0.716066866,3512.359767,0.239610402,50.43861648,0.003440882,599.2718243,0.040881849
Ascension Isl. (UK),12556.65313,101.5632763,132.985507,0.01059084,12423.66762,0.98940916,,,12210.45275,0.972428928,49.42386273,0.00393607,5.52E-05,4.40E-09,296.7764651,0.023634997
"Atlantic, Antarctic",250321.196,7154.710575,9562.46938,0.038200798,343.6636361,0.001372891,240415.063,0.960426312,4657.755245,0.018607115,3218.949835,0.012859278,2012.394863,0.008039251,240432.0961,0.960494356
"Atlantic, Eastern Central",1065802.726,2609.888024,16950.50003,0.015903975,1048852.226,0.984096025,,,1053308.119,0.988276811,0.270887061,2.54E-07,,,12494.33592,0.011722935
"Atlantic, Northeast",1210550.718,14788.60884,791564.6418,0.653888045,413928.0094,0.341933637,5058.066315,0.004178318,59318.78186,0.049001484,744839.5927,0.615289869,366910.7217,0.303094052,39481.62135,0.032614595
"Atlantic, Northwest",881520.507,14829.99177,617853.7527,0.700895496,261512.5901,0.296660813,2154.164134,0.002443691,68623.61164,0.077846869,389681.2646,0.442055813,146649.0691,0.166359226,276566.5616,0.313738092
"Atlantic, Southeast",202599.4512,716.6193673,41437.75701,0.20453045,161161.6941,0.79546955,,,191597.9385,0.945698211,5.219493842,2.58E-05,0.000247377,1.22E-09,10996.29289,0.054276025
"Atlantic, Southwest",242181.2399,1017.726732,13593.32539,0.05612873,228587.9145,0.94387127,,,225464.4305,0.930973971,4.847837032,2.00E-05,0.01139813,4.71E-08,16711.95015,0.069005965
"Atlantic, Western Central",75140.62628,352.6170313,1653.282934,0.022002517,73487.34334,0.977997483,,,73392.08235,0.976729713,6.67E-07,8.87E-12,,,1748.543923,0.023270287
Australia,999198.997,6492.441006,626789.9355,0.627292399,223157.4855,0.223336379,149251.5759,0.149371223,295885.0036,0.296122198,286622.8602,0.28685263,98232.92543,0.098311673,318458.2077,0.318713498
Azores Isl. (Portugal),107573.438,1362.173977,25333.68108,0.235501268,81305.22929,0.755811386,934.5276685,0.008687346,73112.56074,0.679652543,18989.62538,0.176527084,4016.574764,0.037337979,11454.67715,0.106482393
Bahamas,48826.40063,1201.588559,44983.08687,0.921286154,3843.313759,0.078713846,,,2554.508934,0.052318191,7769.579157,0.159126601,9.46120322,0.000193772,38492.85133,0.788361436
Bahrain,6430.788288,21.44130735,372.5024387,0.057924849,830.8920134,0.129205313,5227.393835,0.812869838,1035.155483,0.160968677,101.3379297,0.015758244,23.62781384,0.003674171,5270.667061,0.819598908
Balearic Islands (Spain),64643.89168,868.4084142,23232.38269,0.359390224,36893.91593,0.570725477,4517.59306,0.069884299,24707.92896,0.382215989,11283.53144,0.174549074,2260.742544,0.034972253,26391.68873,0.408262684
Bangladesh,276739.0802,5664.300252,212312.7825,0.767194797,29603.10123,0.106971163,34823.19648,0.12583404,53260.79506,0.192458525,171391.9898,0.61932702,19092.34617,0.068990423,32993.94925,0.119224033
Barbados,9447.658066,206.2535447,6141.941473,0.650102007,3305.716593,0.349897993,,,3302.797449,0.349589012,5760.25729,0.609702135,1.211905888,0.000128276,383.3914214,0.040580578
Belgium,48033.2491,293.1492232,37199.0217,0.77444317,8540.776649,0.17780968,2293.450753,0.04774715,14986.47217,0.31200205,4290.360685,0.089320643,7129.562983,0.148429746,21626.85326,0.450247561
Belize,4031.242594,85.58465693,2974.77361,0.737929693,776.8572602,0.192709132,279.6117236,0.069361175,635.088597,0.157541647,2078.97246,0.515715046,0.791544946,0.000196353,1316.389992,0.326546954
Benin,35127.59789,251.8270927,21389.94512,0.608921372,13288.33384,0.378287576,449.3189344,0.012791052,14297.45425,0.407014857,18786.40414,0.534804691,774.5023614,0.022048259,1269.237145,0.036132193
Bermuda (UK),2407.837141,50.19830738,1017.376739,0.422527222,1390.460291,0.577472731,0.000110842,4.60E-08,1284.849283,0.533611373,927.8923238,0.385363407,0.877132189,0.000364282,194.2184026,0.080660938
Bonaire (Netherlands),9266.001578,85.1909146,1362.662334,0.147060447,7901.254715,0.852714588,2.084529828,0.000224965,8696.848908,0.938576239,519.5075558,0.05606599,0.610105318,6.58E-05,49.03500905,0.005291928
Bosnia & Herzegovina,0.1035695,0.003017836,1.03E-06,9.94E-06,0.10356847,0.999990059,,,0.1035695,1,,,,,,
Bouvet Isl. (Norway),134.2156789,5.94371407,134.2156439,0.999999739,,,3.50E-05,2.61E-07,2.04E-06,1.52E-08,133.3956818,0.993890452,0.812883389,0.006056546,0.007111636,5.30E-05
Brazil (mainland),2012440.723,7481.406565,1370225.846,0.680877618,504994.9342,0.250936551,137219.9431,0.068185831,1115049.504,0.554078186,567759.3963,0.28212478,107658.1195,0.053496293,221973.7027,0.110300741
British Virgin Isl. (UK),732.3652721,7.065443812,477.0357142,0.6513631,255.3295579,0.3486369,,,265.9214625,0.363099498,362.9112252,0.495533089,0.220699025,0.000301351,103.3118853,0.141066063
Brunei Darussalam,24592.42067,380.1798859,20106.48453,0.817588671,3596.562443,0.146246784,889.3736946,0.036164545,3489.571938,0.141896236,15434.35245,0.627606068,111.4148202,0.004530454,5557.081463,0.225967242
Bulgaria,112481.3207,2068.700845,84391.00896,0.750266875,24426.71259,0.217162392,3663.599099,0.032570733,69470.29261,0.61761626,35790.66327,0.318192061,2353.928609,0.020927285,4866.436161,0.043264394
Cambodia,3696000.722,18893.2094,2471606.01,0.668724439,696214.5549,0.188369702,514785.1797,0.139281677,1912914.985,0.517563477,950635.7061,0.25720658,370590.2568,0.100267907,461859.7741,0.124962036
Cameroon,130012.7661,1129.55627,81215.15887,0.624670648,4781.961713,0.036780709,44015.64548,0.338548643,46993.3601,0.361451891,74419.38791,0.57240062,893.1420075,0.006869649,7706.876042,0.059277841
Canada (Arctic),0.00661213,0.00116621,0.006519558,0.985999597,9.26E-05,0.014000403,,,0.006519558,0.985999597,,,,,9.26E-05,0.014000403
Canada (East Coast),6162947.899,33494.53261,2879822.703,0.467280066,2552175.585,0.414116041,730949.6113,0.118603893,1658922.524,0.269176789,671188.4324,0.108907043,1878682.623,0.304835065,1954154.319,0.317081103
Canada (Pacific),1726817.289,19376.46986,1024832.048,0.593480303,642095.4332,0.371837505,59889.80837,0.034682192,365361.7508,0.211581013,691641.6936,0.400529748,456460.3621,0.264336224,213353.4828,0.123553015
Canary Isl. (Spain),162250.1669,1396.622244,82711.20173,0.509775757,65064.78958,0.40101524,14474.17561,0.089209003,150689.9537,0.928750685,9929.795965,0.061200529,992.5919782,0.006117664,637.8252994,0.003931123
Cape Verde,94822.4553,704.8463425,21580.97359,0.227593491,73026.74824,0.770141925,214.7334672,0.002264585,85995.72838,0.906913116,6765.557216,0.071349737,532.4433593,0.005615161,1528.726338,0.016121986
Cayman Isl. (UK),2466.618722,28.91566812,2191.430778,0.888435151,275.1879447,0.111564849,,,158.0377782,0.064070615,1320.488836,0.535343717,59.44587765,0.024100149,928.6462306,0.376485519
Chagos Archipelago (UK),41119.00958,495.6177435,18159.04638,0.441621687,22499.6628,0.547183967,460.3004138,0.011194346,21606.71029,0.525467673,9309.069089,0.22639332,5434.634484,0.132168419,4768.595722,0.115970588
Channel Isl. (UK),81253.82157,314.9528445,56974.71462,0.701194276,12513.15914,0.154000869,11765.94781,0.144804855,32656.14803,0.401902919,15822.84789,0.194733584,6092.784644,0.074984592,26682.041,0.328378906
Chile (mainland),16112817.34,146707.8658,11272753.56,0.69961406,279687.5924,0.017358081,4560376.19,0.283027859,15496708.79,0.96176283,184091.71,0.011425172,6817.573338,0.000423115,425199.2602,0.026388884
China,21253722.55,105626.8084,11033444.5,0.519129977,4836675.922,0.227568414,5383602.128,0.253301609,3900469.995,0.183519381,4124669.188,0.194068083,3833104.692,0.180349804,9395478.67,0.442062733
Christmas Isl. (Australia),6175.94386,310.7200038,1406.845751,0.227794453,4765.922802,0.771691406,3.175307209,0.000514141,4795.268928,0.776443089,1293.839534,0.209496648,0.033071211,5.35E-06,86.80232663,0.014054909
Clipperton Isl. (France),89445.31711,836.4275815,3344.55382,0.037392162,86100.35588,0.962603283,0.407405984,4.55E-06,77225.66553,0.86338411,3216.282004,0.035958082,7.036326782,7.87E-05,8996.333251,0.100579142
Cocos (Keeling) Isl. (Australia),11715.31863,699.156228,4689.866006,0.400319117,7022.264188,0.599408724,3.188436604,0.00027216,7232.335574,0.617340066,4364.154256,0.372516907,0.018636161,1.59E-06,118.8101642,0.010141437
Colombia (Caribbean),57492.85511,441.7302749,37377.48093,0.65012393,12377.84242,0.215293577,7737.531753,0.134582493,9218.823005,0.160347281,16403.8187,0.285319257,4228.693673,0.073551638,27641.51973,0.480781824
Colombia (Pacific),347894.7089,8161.480058,129438.1664,0.372061325,160223.8127,0.4605526,58232.72981,0.167386075,231636.0401,0.665822257,100136.7036,0.287836236,1604.043519,0.004610715,14517.92169,0.041730792
Comoros Isl.,6739.933077,118.579212,4606.490083,0.683462288,2123.57565,0.3150737,9.867343879,0.001464012,5996.600059,0.889712107,259.8185145,0.038549124,44.13903307,0.006548883,439.3754706,0.065189886
Congo (ex-Zaire),57398.00765,914.0653887,27495.59503,0.479033962,29176.06327,0.508311429,726.3493467,0.012654609,29363.98211,0.51158539,17667.11632,0.307800167,103.8979418,0.001810132,10263.01129,0.178804312
"Congo, R. of",167391.889,2426.865207,142712.6322,0.852565994,8708.55334,0.052024942,15970.70351,0.095409064,45796.99029,0.273591454,99177.45866,0.592486645,1444.147153,0.008627342,20973.29291,0.125294559
Cook Islands,84069.95289,1943.472462,32143.51011,0.38234243,51924.27372,0.617631769,2.169056771,2.58E-05,51643.71746,0.614294593,31481.03492,0.374462383,79.13460821,0.000941295,866.0658935,0.010301729
Corsica (France),3609.387415,51.05029855,2463.385896,0.682494178,603.3699256,0.16716685,542.6315927,0.150338972,348.0547778,0.096430429,2008.419994,0.556443452,408.4374933,0.113159782,844.4751492,0.233966336
Costa Rica (Caribbean),312.4805713,27.82501729,304.0419233,0.972994647,8.438648018,0.027005353,,,4.037461906,0.012920681,288.2155865,0.922347221,0.204388509,0.000654084,20.02313442,0.064078014
Costa Rica (Pacific),276129.6439,1663.045028,45516.91716,0.164838938,225886.3011,0.818044372,4726.425676,0.017116691,216772.7656,0.785039819,19363.83647,0.070125888,11130.90643,0.040310436,28862.13543,0.104523857
Côte d'Ivoire,476896.7456,4312.737579,320465.337,0.671980549,119913.7565,0.251445953,36517.65207,0.076573498,220809.3895,0.463012993,241398.3558,0.50618579,9041.641129,0.018959327,5647.359081,0.011841891
Crete (Greece),12558.03237,70.75000977,8385.640043,0.667751109,1603.75617,0.1277076,2568.636153,0.204541291,2772.380499,0.220765516,7676.017286,0.61124363,362.2624239,0.028847069,1747.372157,0.139143785
Croatia,352358.2545,1984.803702,336046.0253,0.953705557,11799.39932,0.033486939,4512.829906,0.012807504,289908.6371,0.822766697,53034.54869,0.150513144,68.85018804,0.000195398,9346.218528,0.026524761
Crozet Isl. (France),7175.119332,537.7480112,7127.240575,0.993327113,47.21251951,0.006580033,0.666237853,9.29E-05,252.4062818,0.035177991,170.210258,0.023722289,140.6069737,0.019596465,6611.895819,0.921503255
Cuba,71203.40196,1072.529261,55325.23098,0.777002636,3059.423523,0.042967379,12818.74745,0.180029986,3337.269971,0.04686953,28076.32773,0.394311605,750.7147633,0.010543243,39039.08949,0.548275622
Curaçao (Netherlands),8717.871873,68.84068684,1102.837026,0.126503009,7611.174402,0.873054171,3.860445662,0.00044282,8100.732702,0.929209883,564.2215529,0.064720102,0.997085901,0.000114373,51.92053188,0.005955643
Cyprus (North),19415.39909,1878.675275,3570.97762,0.183925018,15670.76709,0.807130825,173.6543829,0.008944157,15694.34971,0.80834546,1949.68311,0.10041942,1111.830405,0.05726539,659.5358681,0.03396973
Cyprus (South),12632.30342,131.4536326,6146.901621,0.486601803,5467.664521,0.43283195,1017.737282,0.080566247,5966.480515,0.472319285,4529.216723,0.358542427,910.6004233,0.072085066,1226.005763,0.097053223
Denmark (Baltic Sea),756795.3709,3179.158747,460707.1111,0.608760477,237642.8645,0.314012048,58445.39533,0.077227475,400914.1334,0.529752359,25619.48371,0.03385259,235484.5928,0.311160192,94777.16104,0.125234858
Denmark (North Sea),1848823.478,17938.81332,1556487.021,0.841879736,249124.5232,0.134747598,43211.93314,0.023372666,863197.254,0.466890033,574466.5075,0.310720041,241840.55,0.13080781,169319.1662,0.091582116
Desventuradas Isl. (Chile),138.4501914,3.79001393,138.0301503,0.996966121,0.420041165,0.003033879,,,0.741772609,0.005357686,136.7696034,0.987861425,0.40700753,0.00293974,0.531807923,0.00384115
Djibouti,5677.470283,98.92048851,3762.901181,0.662777785,1874.366597,0.330141155,40.20250453,0.007081059,1308.0669,0.23039608,2903.270338,0.511366893,5.367924136,0.000945478,1460.765121,0.257291549
Dominica,1299.00288,10.75657608,347.1761532,0.267263575,951.8267264,0.732736425,,,948.5192752,0.730190279,239.487699,0.184362716,2.693858898,0.00207379,108.3020464,0.083373215
Dominican Republic,18965.93151,391.9576418,3466.338522,0.182766584,15499.59299,0.817233416,,,1397.648528,0.073692585,2334.729499,0.12310123,3.276266993,0.000172745,15230.27722,0.80303344
Easter Isl. (Chile),16215.8289,413.6686743,10218.12835,0.630132965,5997.700551,0.369867035,,,12012.84074,0.740809539,311.6211146,0.019217094,26.82854636,0.001654467,3864.538501,0.2383189
Ecuador (mainland),3197987.656,16376.58446,2748396.544,0.859414369,233115.3252,0.072894379,216474.6255,0.067690888,2723951.092,0.851770358,411696.3418,0.128736063,6189.116132,0.001935316,56151.10632,0.017558262
Egypt (Mediterranean),120284.7431,1246.277091,89466.33917,0.743787922,15889.71285,0.132100817,14928.69112,0.124111261,11373.76816,0.094557031,59428.45274,0.49406476,9774.09197,0.081257953,39708.43027,0.330120257
Egypt (Red Sea),172553.4345,1621.40844,107425.3269,0.62256267,40541.28016,0.234949135,24586.82749,0.142488195,64309.73549,0.372694613,76346.17816,0.442449484,2622.947756,0.015200786,29274.57314,0.169655117
El Salvador,117481.0505,1174.968012,65528.83912,0.557782203,43179.88009,0.367547616,8772.331296,0.074670181,37552.62174,0.319648331,50883.55192,0.433121356,6686.169041,0.056912745,22358.70781,0.190317568
Equatorial Guinea,323895.6165,3558.492297,227149.3024,0.701304034,95361.05172,0.294419087,1385.262397,0.004276879,105017.6653,0.324233055,204597.7556,0.631678063,5706.515054,0.017618377,8573.680547,0.026470505
Eritrea,44444.7903,856.5710026,35508.936,0.798944843,7752.697832,0.174434344,1183.156463,0.026620813,4280.539903,0.096311398,34073.34932,0.766644394,1762.170154,0.03964852,4328.730915,0.097395688
Estonia,477546.9085,946.2036357,429447.2136,0.899277549,48099.64149,0.100722339,0.053402101,1.12E-07,413702.0283,0.866306578,13023.74593,0.027272181,47710.64978,0.099907776,3110.484433,0.006513464
Faeroe Isl. (Denmark),2828147.759,15751.95113,1274840.493,0.450768701,1539648.259,0.544401633,13659.00785,0.004829666,562718.6189,0.198970728,749788.116,0.265116316,1436159.95,0.507809376,79481.07482,0.028103579
Falkland Isl. (UK),1805058.787,11854.65255,1652166.396,0.915297833,147455.5304,0.081690154,5430.610148,0.00300855,68449.71305,0.037921044,180332.5246,0.099903962,397266.6876,0.22008518,1159009.861,0.642089814
Fernando de Noronha (Brazil),16297.09789,330.0245307,4262.412283,0.261544252,12034.6856,0.738455748,,,11862.17315,0.727870277,3991.466135,0.244918829,,,443.4586015,0.027210894
Fiji,77918.715,786.7859605,15654.1615,0.200903743,62256.52708,0.798993247,8.026417491,0.00010301,60163.89216,0.772136606,14815.30766,0.190137987,17.77106214,0.000228072,2921.744119,0.037497334
Finland,601559.1363,1334.975841,575939.3747,0.957411067,25619.73151,0.042588883,0.030138929,5.01E-08,568261.3243,0.944647483,6460.116397,0.010738955,25434.19129,0.042280451,1403.504355,0.002333111
France (Atlantic Coast),1053850.771,1579.869864,724917.312,0.687874727,232923.5028,0.221021334,96009.95635,0.091103939,541450.2268,0.513782636,147661.5844,0.140116218,88921.79972,0.08437798,275817.1602,0.261723166
France (Mediterranean),226610.9287,886.2844607,186567.8987,0.823296122,21842.75764,0.09638881,18200.27233,0.080315069,155799.4044,0.687519376,26279.22531,0.115966275,10533.42755,0.046482434,33998.87145,0.150031914
French Guiana,36869.01397,683.9641517,18429.12996,0.499854159,1563.215808,0.042399176,16876.6682,0.457746665,824.2306069,0.022355646,18180.50551,0.493110706,0.986570268,2.68E-05,17863.29128,0.48450689
French Polynesia,337584.5475,1846.667436,57658.65512,0.170797673,279919.9208,0.829184638,5.971602866,1.77E-05,287168.6121,0.850656863,44548.89937,0.131963681,716.1456619,0.002121382,5150.89031,0.015258075
Gabon,667178.613,3507.914273,323533.4248,0.484927752,256299.9325,0.384154899,87345.25573,0.13091735,353849.3691,0.530366775,243132.2603,0.364418546,29496.47826,0.044210767,40700.50544,0.061003912
Galapagos Isl. (Ecuador),283564.2445,1774.320817,1600.241291,0.005643311,281964.0032,0.994356689,,,269428.4939,0.950149742,269.9501873,0.00095199,,,13865.80044,0.048898268
Gambia,777891.2816,4743.133606,636079.5416,0.817697224,36748.45227,0.047241116,105063.2878,0.13506166,382789.7914,0.492086491,317060.4327,0.407589647,22015.97594,0.028302125,56025.08153,0.072021737
Gaza Strip,15425.37633,181.8756236,12835.60754,0.832109847,1309.360178,0.084883516,1280.408612,0.083006637,7539.895289,0.488798142,5481.012374,0.355324386,1120.152622,0.072617523,1284.316049,0.083259949
Georgia,666112.6076,5339.020154,661532.7807,0.993124546,3272.46414,0.004912779,1307.362758,0.001962675,661041.5649,0.992387109,1521.166027,0.002283647,260.4489397,0.000390998,3289.427727,0.004938246
Germany (Baltic Sea),407854.9473,1572.205013,265809.3104,0.65172511,123456.5213,0.302697128,18589.11561,0.045577762,235869.4679,0.578317045,13460.64596,0.033003513,121940.1679,0.298979254,36584.66558,0.089700188
Germany (North Sea),1059597.372,12298.71976,881620.3694,0.832033367,115731.0158,0.10922169,62245.98656,0.058744942,329378.3125,0.310852331,372042.9239,0.351117258,66045.7702,0.062331006,292130.3652,0.275699405
Ghana,702527.2738,2337.7349,240699.207,0.342619021,436977.598,0.622008019,24850.46879,0.035372959,614333.2526,0.874461783,55600.61623,0.079143712,13977.88285,0.01989657,18615.52216,0.026497935
Glorieuse Islands (France),762.8951094,11.95276229,409.4706382,0.536732551,347.0697616,0.45493772,6.354709644,0.008329729,366.6973872,0.480665537,336.1260064,0.440592687,14.73856933,0.01931926,45.33314649,0.059422516
Greece (without Crete),401143.3343,1317.982893,325047.2848,0.810302096,45892.5851,0.114404456,30203.46446,0.075293447,255576.2784,0.637119594,96464.29879,0.240473393,12819.70323,0.031957912,36283.05385,0.090449101
Greenland (Denmark),1572404.474,16655.89726,948210.6329,0.603032266,616958.1683,0.392366073,7235.672706,0.004601661,187927.816,0.119516205,174167.731,0.110765222,523122.1018,0.332689273,687186.825,0.437029299
Grenada,1218.199812,15.9221513,635.6610847,0.521803631,576.4789771,0.473222021,6.059749792,0.004974348,576.2080815,0.472999648,490.6299566,0.402749986,0.818833873,0.000672167,150.5429396,0.1235782
Guadeloupe  (France),1265.03618,13.9100886,737.6697801,0.583121488,527.3664001,0.416878512,,,518.5828299,0.409935177,535.1517715,0.42303278,0.747370295,0.00059079,210.5542085,0.166441254
Guam (USA),5836.726031,110.3588374,2247.206461,0.385011469,3588.827346,0.614869933,0.692223585,0.000118598,3355.604813,0.574912167,2051.929456,0.351554869,3.422389419,0.000586354,425.769372,0.072946609
Guatemala (Caribbean),5107.26344,36.87378876,3982.948158,0.779859548,1124.315282,0.220140452,,,1.345564884,0.000263461,1349.429697,0.264217758,1776.037588,0.347747401,1980.45059,0.38777138
Guatemala (Pacific),144816.5637,1787.870761,93799.03578,0.647709305,43273.67624,0.298817173,7743.85171,0.053473522,31767.82194,0.219365942,93230.63113,0.643784307,698.5480369,0.004823675,19119.56263,0.132026076
Guinea,2437825.304,18251.80007,2195411.237,0.900561346,139300.3332,0.057141229,103113.7337,0.042297425,370300.4527,0.151897862,1824280.248,0.748322796,59828.35774,0.024541692,183416.2455,0.075237649
Guinea-Bissau,1659212.538,15492.56649,1460785.584,0.88040896,111781.3445,0.067370118,86645.60915,0.052220922,467599.5319,0.281820153,987897.589,0.595401473,73947.621,0.044567902,129767.7961,0.078210472
Guyana,76737.68999,1853.896122,13210.81168,0.172155452,5373.911271,0.07002962,58152.96704,0.757814928,3469.438641,0.045211664,10349.3226,0.134866226,16.68798921,0.000217468,62902.24076,0.819704643
Haiti,11377.57644,295.5094935,9155.184143,0.804669095,2063.828897,0.181394422,158.5634008,0.013936483,1631.586499,0.143403695,7893.92098,0.693813926,32.32625818,0.002841225,1819.742704,0.159941154
Hawaii Main Islands (USA),17640.72633,147.4173056,8268.150493,0.468696716,9371.452188,0.531239588,1.123651691,6.37E-05,8182.552022,0.463844394,7152.708077,0.405465622,527.4465849,0.029899369,1778.019649,0.100790615
Hawaii Northwest Islands (USA),33000.62326,393.7297035,8295.239125,0.251366135,18600.14929,0.563630243,6105.234842,0.185003622,14964.19947,0.453452026,4790.018919,0.145149347,652.2578093,0.019765015,12594.14706,0.381633612
Heard & McDonald Isl. (Australia),18969.60796,831.7530805,18967.02476,0.999863824,1.075719843,5.67E-05,1.507480427,7.95E-05,2378.257264,0.125371978,344.9562166,0.018184678,348.0093052,0.018345625,15898.38518,0.83809772
Honduras (Caribbean),35485.3912,515.4834491,24685.85886,0.695662582,2233.259413,0.062934614,8566.272926,0.241402804,305.9547819,0.008621993,5153.572757,0.145230828,2.607655406,7.35E-05,30023.256,0.846073694
Honduras (Pacific),21.47790835,1.071841337,21.47014974,0.999638763,0.00753991,0.000351054,0.000218699,1.02E-05,4.414504367,0.205536978,17.06316592,0.794451938,,,0.000238059,1.11E-05
Hong Kong (China),112958.6653,887.749675,95218.83577,0.842952911,6262.402277,0.055439769,11477.42729,0.10160732,5887.430006,0.052120216,38212.3593,0.338286215,6498.821044,0.057532736,62360.05499,0.552060834
Howland & Baker Isl. (USA),47063.35355,255.2380475,3002.419198,0.063795267,44060.51572,0.936195838,0.418636376,8.90E-06,43885.51412,0.932477412,2532.537483,0.053811241,4.441529908,9.44E-05,640.8604177,0.013616973
Iceland,8048241.926,85227.60133,4733035.037,0.588083097,3315185.303,0.411914221,21.58664005,2.68E-06,2713925.237,0.337207214,2358644.257,0.29306329,2409467.692,0.299378139,566204.74,0.070351357
India (mainland),8295866.134,35704.61416,5609358.034,0.676163036,1423188.784,0.171553972,1263319.316,0.152282992,3670805.663,0.442486125,2103733.077,0.253588118,625891.8816,0.075446237,1895435.512,0.22847952
"Indian Ocean, Antarctic",80799.48169,2983.684713,7053.297279,0.087293843,2393.980211,0.029628658,71352.20421,0.883077499,342.9406241,0.004244342,5547.289355,0.068655012,3466.065395,0.042897124,71443.18632,0.884203522
"Indian Ocean, Eastern",2780501.805,6555.926403,197492.3171,0.071027581,2583009.488,0.928972419,,,2751679.01,0.98963396,208.560941,7.50E-05,7.027111234,2.53E-06,28607.20618,0.010288505
"Indian Ocean, Western",790614.6329,3034.736597,176350.527,0.223054975,614264.1059,0.776945025,,,778791.4887,0.985045629,9.589327416,1.21E-05,22.88235628,2.89E-05,11790.67249,0.014913299
Indonesia (Central),5109852.858,31017.44712,3151007.249,0.616653226,833577.9133,0.163131491,1125267.696,0.220215283,2294064.545,0.448949238,1595610.736,0.312261582,422205.7899,0.082625821,797971.7871,0.156163359
Indonesia (Eastern),11995113.13,51625.09991,6416501.77,0.534926324,3548136.328,0.295798488,2030475.035,0.169275188,7037917.083,0.58673203,2749318.599,0.229203224,793700.5138,0.066168656,1414176.938,0.11789609
Indonesia (Indian Ocean),4149846.763,22106.24503,2475014.667,0.596411099,757403.1143,0.182513514,917428.982,0.221075388,2007783.224,0.483821051,1176081.434,0.283403581,336292.9479,0.081037438,629689.1562,0.15173793
Iran (Persian Gulf),440063.9185,1527.910337,272021.4259,0.618140717,96779.40929,0.219921255,58859.62441,0.133752444,45348.87372,0.103050652,160822.844,0.365453375,24119.8527,0.054809885,209772.348,0.476686089
Iran (Sea of Oman),47086.26434,344.3361388,16771.10256,0.356178236,24881.98561,0.528434055,5134.123632,0.109036546,24068.5157,0.511157894,7222.39182,0.153386384,4165.851552,0.088472755,11629.50527,0.246982967
Iraq,30815.08627,558.3913036,8799.981505,0.285573807,2043.611604,0.066318542,19971.49317,0.648107651,11790.24412,0.382612725,6606.038132,0.214376753,2014.177553,0.065363359,10404.62647,0.337647163
Ireland,2915922.939,8327.144649,1829356.417,0.627367889,1064957.989,0.365221582,21608.53271,0.007410529,1506134.922,0.516520825,280606.7625,0.096232571,856807.6669,0.293837555,272373.5879,0.093409049
Israel (Mediterranean),10836.5174,127.3037484,6401.680826,0.590750754,3590.479599,0.331331503,844.3569751,0.077917743,3995.161896,0.368675816,2197.66405,0.202801691,887.7165379,0.081918988,3755.974917,0.346603505
Italy (mainland),2480673.75,5743.924169,1817271.95,0.732571927,368513.0001,0.148553594,294888.8002,0.118874479,1374355.915,0.554025258,332247.0243,0.133934188,177464.5539,0.071538853,596606.2574,0.240501701
Jamaica,8725.78697,198.5026792,5823.511949,0.667391029,2879.032653,0.329945329,23.24236785,0.002663641,3257.709743,0.3733428,4315.142473,0.494527598,3.378725287,0.000387212,1149.556029,0.13174239
Jan Mayen Isl. (Norway),175579.9323,7621.548826,153379.2163,0.873557782,22194.58561,0.126407302,6.130424273,3.49E-05,0.002391526,1.36E-08,150045.8384,0.854572823,19417.50524,0.110590686,6116.586272,0.034836477
Japan (Daito Islands),47046.14332,220.2704257,6661.796256,0.141601326,37048.61885,0.787495345,3335.728217,0.07090333,35813.56042,0.761243279,3294.892764,0.070035343,663.5883185,0.014105052,7274.101815,0.154616326
Japan (main islands),29588233.24,101222.3381,23378399.44,0.790124887,3457175.179,0.116842907,2752658.622,0.093032206,14477587.93,0.489302211,5047723.753,0.170599025,3955042.973,0.133669454,6107878.578,0.20642931
Japan (Ogasawara Islands),72510.11063,419.5050931,8564.564004,0.118115445,58356.43668,0.804804132,5589.109942,0.077080422,56767.85507,0.782895717,3925.315277,0.05413473,907.5950867,0.012516807,10909.3452,0.150452745
Jarvis Isl. (USA),13943.42648,186.9807449,1572.849702,0.112802237,12370.29001,0.887177197,0.28676245,2.06E-05,12489.03261,0.895693223,1405.548685,0.100803679,8.223249802,0.000589758,40.62193621,0.00291334
Johnston Atoll (USA),12972.59863,428.7591771,9189.800847,0.708400923,3782.317375,0.291562044,0.480406092,3.70E-05,3876.309491,0.298807479,8996.888745,0.693530186,11.18642783,0.000862312,88.21396385,0.006800023
Juan Fernandez Islands (Chile),599995.6172,4711.528385,599995.6171,1,4.26E-05,7.11E-11,,,599995.6172,1,,,,,,
Kenya,11309.48954,51.11503468,3928.056676,0.347323959,4414.448532,0.390331369,2966.984328,0.262344672,2438.971286,0.215657062,1413.35815,0.124970994,193.3643583,0.017097532,7263.795741,0.642274412
Kerguelen Isl. (France),93211.41774,3950.089747,93211.41774,1,,,,,24658.22604,0.264540832,31893.88281,0.342167125,14487.8795,0.155430309,22171.4294,0.237861733
Kermadec Isl. (New Zealand),17088.74789,237.8130337,8356.963981,0.489033137,8730.898479,0.51091505,0.885431839,5.18E-05,4702.520159,0.275182254,5685.881671,0.33272664,2199.310322,0.128699325,4501.03574,0.263391781
Kiribati (Gilbert Islands),816855.8989,2713.912731,12491.42913,0.015292084,804364.3409,0.984707758,0.128811342,1.58E-07,800545.2596,0.980032415,9551.780586,0.011693348,3.963499174,4.85E-06,6754.895134,0.008269384
Kiribati (Line Islands),234302.6127,2129.074143,45524.97043,0.194299884,188775.8774,0.805692584,1.764890867,7.53E-06,192201.651,0.820313734,40678.54258,0.173615403,103.1767283,0.000440357,1319.242385,0.005630507
Kiribati (Phoenix Islands),293051.3362,1163.892318,14917.30813,0.050903396,278133.3102,0.949094155,0.71784973,2.45E-06,278182.2088,0.949261015,13622.21995,0.046484074,19.96097149,6.81E-05,1226.946475,0.004186797
"Korea (North, Sea of Japan)",1303700.446,6455.277934,884636.2436,0.678557905,340786.9259,0.261399716,78277.27619,0.060042379,348339.3586,0.267192789,208860.1129,0.160205601,304512.9389,0.233575849,441988.0353,0.339025761
"Korea (North, Yellow Sea)",830362.303,6763.54247,529680.8965,0.637891309,237300.6172,0.285779613,63380.78935,0.076329078,235438.4689,0.283537039,238600.3585,0.287344883,38781.80482,0.046704679,317541.6708,0.382413399
Korea (South),6424913.605,26065.16724,4052839.403,0.630800607,1301929.644,0.202637689,1070144.558,0.166561704,1969649.538,0.306564362,1417301.762,0.22059468,1079350.142,0.167994499,1958612.162,0.304846459
Kuwait,7910.748937,219.6328403,7671.559194,0.969763957,238.9370371,0.030204098,0.252705262,3.19E-05,2.173198619,0.000274715,1704.503631,0.215466784,0.841260609,0.000106344,6203.230846,0.784152158
Latvia,601449.1291,1543.504628,492110.4809,0.818207987,109338.5415,0.181791836,0.106684117,1.77E-07,468139.3605,0.778352379,19526.83971,0.03246632,108090.3127,0.179716467,5692.616161,0.009464834
Lebanon,1378.511081,47.86511182,230.5822725,0.167269074,1147.928809,0.832730926,,,1375.281449,0.997657159,2.820308804,0.002045909,,,0.409323315,0.000296931
Liberia,362308.085,3078.349482,283993.7262,0.783845953,74280.50458,0.205020279,4033.854183,0.011133768,108897.7217,0.300566634,225978.167,0.623718256,7217.780624,0.019921666,20214.41565,0.055793443
Libya,92144.05437,707.3774309,58719.06419,0.637252882,28715.74679,0.311639714,4709.243392,0.051107404,46914.46203,0.509142585,32318.48899,0.350738734,5124.097631,0.055609639,7787.005716,0.084509042
Lithuania,203698.1046,657.2407513,152090.1433,0.746644863,51607.91639,0.253354917,0.044887484,2.20E-07,143984.5215,0.706852535,6426.576676,0.031549516,50663.0103,0.24871616,2623.996079,0.012881789
Lord Howe Isl. (Australia),14814.15986,488.9841165,7321.343067,0.494212506,7492.816788,0.505787494,,,7013.764351,0.473450025,7089.506578,0.478562851,202.1584268,0.013646297,508.7304991,0.034340827
Macquarie Isl. (Australia),2440.875648,83.68139468,2354.119211,0.964456839,86.75643691,0.035543161,,,1.151893859,0.000471918,1152.516127,0.472173225,6.394593975,0.002619795,1280.813034,0.524735062
Madagascar,156648.9637,1550.031632,68740.0052,0.438815576,52921.97444,0.337838012,34986.98404,0.223346412,57492.32153,0.367013737,47993.97697,0.306379154,7003.044486,0.044705336,44159.6207,0.281901774
Madeira Isl. (Portugal),44034.60283,349.5731477,1698.274625,0.038566821,42210.08934,0.958566369,126.2388625,0.002866811,30518.90185,0.693066359,217.9514809,0.00494955,12632.70283,0.286881271,665.0466724,0.01510282
Malaysia (Peninsula East),3047530.651,10354.83285,2301801.377,0.755300484,404223.1688,0.132639575,341506.1049,0.112059941,1548189.406,0.508014384,714134.8503,0.234332295,211640.9872,0.069446713,573565.4069,0.188206608
Malaysia (Peninsula West),3929759.726,18880.55061,3107656.816,0.790800719,504787.6358,0.128452544,317315.2751,0.080746737,1675176.379,0.426279594,871957.7897,0.221885777,276561.8411,0.070376272,1106063.717,0.281458357
Malaysia (Sabah),1964827.483,6496.990608,1198943.44,0.610202906,509137.7764,0.259125944,256746.2672,0.13067115,803446.4187,0.408914485,526270.3449,0.267845574,138634.2242,0.070557963,496476.4955,0.252681978
Malaysia (Sarawak),2126042.4,10592.5876,1455901.454,0.684794176,369843.3961,0.173958617,300297.5499,0.141247206,978317.8349,0.460159136,557471.6664,0.262210982,210068.6447,0.098807364,380184.2543,0.178822517
Maldives,132020.7544,787.1835294,41211.47969,0.312159099,90467.81164,0.685254467,341.4630536,0.002586435,110552.7389,0.837389087,6245.630422,0.047307944,195.1237665,0.001477978,15027.26127,0.113824992
Malta,50166.95766,344.0156909,36450.40423,0.726581916,11121.43509,0.22168845,2595.118332,0.051729633,33391.57201,0.66560887,10938.32217,0.21803838,405.820125,0.008089391,5431.243359,0.108263359
Marshall Isl.,291654.3629,1506.680125,28178.83157,0.096617213,263468.9296,0.903360152,6.601686184,2.26E-05,257664.0958,0.883457025,23659.95987,0.081123285,38.32523131,0.000131406,10291.98197,0.035288284
Martinique (France),858.4803161,8.954660563,645.2149297,0.751578013,213.2653863,0.248421987,,,218.7607381,0.254823243,454.8551545,0.529837605,0.554878154,0.000646349,184.3095453,0.214692803
Mauritania,8945632.037,57646.07114,8444909.966,0.944026082,361790.5411,0.040443262,138931.5305,0.015530656,7274353.242,0.81317376,464406.9038,0.051914376,825193.3991,0.092245399,381678.4928,0.042666465
Mauritius,58608.94444,407.5236621,28337.65134,0.483503868,30251.4302,0.516157226,19.8629098,0.000338906,28664.15004,0.489074668,5708.567894,0.097400968,648.4652567,0.011064271,23587.76125,0.402460093
Mayotte (France),3583.153977,64.67796099,2179.089059,0.608148317,1394.003634,0.389043743,10.06128377,0.002807941,3252.884013,0.907827024,105.2156687,0.029363982,31.33437262,0.008744914,193.7199228,0.05406408
Mexico (Atlantic),306321.8886,3903.574119,248029.0146,0.809700592,35478.70189,0.115821635,22814.17211,0.074477773,40085.76589,0.130861579,116498.6774,0.38031457,6.834820452,2.23E-05,149730.6105,0.488801539
Mexico (Pacific),4130583.607,27234.09604,2987574.937,0.723281556,839237.0774,0.203176393,303771.5929,0.073542052,3672296.502,0.889050277,141776.1489,0.034323515,13127.43973,0.003178108,303383.5166,0.0734481
Micronesia (Federated States of),1370787.158,4274.537986,77272.49933,0.056370895,1293495.402,0.943615057,19.25688749,1.40E-05,1277934.563,0.932263302,67383.39601,0.049156717,143.812345,0.000104912,25325.38713,0.018475069
Montenegro,4556.092795,18.48288279,3011.423661,0.66096627,435.6461016,0.095618356,1109.023033,0.243415374,2610.180546,0.572898899,806.2450817,0.176959759,351.4657992,0.077141932,788.201368,0.172999411
Montserrat (UK),257.3866857,2.469133172,138.6237388,0.538581623,118.7629469,0.461418377,,,118.195839,0.459215047,96.62376873,0.375403135,0.129113269,0.000501631,42.4379647,0.164880186
Morocco (Central),5849062.553,29609.46421,5557241.654,0.950108091,247150.3656,0.042254697,44670.53344,0.007637212,2738367.603,0.46817205,2754018.098,0.470847777,71881.25671,0.012289364,284795.5944,0.04869081
Morocco (Mediterranean),464167.3038,2548.992115,352017.7668,0.75838553,56205.64995,0.121089205,55943.88702,0.120525264,301737.5554,0.650062064,65821.5777,0.141805718,6403.214344,0.013795057,90204.95633,0.194337162
Morocco (South),11842562.55,67218.34246,11402749.54,0.962861669,328125.9919,0.027707347,111687.0186,0.009430984,4228048.316,0.357021405,7020429.869,0.592813408,152711.3137,0.012895124,441373.0509,0.037270063
Mozambique,99231.4176,1678.778986,85895.28725,0.865605766,5861.94032,0.059073431,7474.190034,0.075320803,13128.27088,0.13229954,40963.53014,0.412808072,620.0925043,0.006248953,44519.52407,0.448643435
Mozambique Channel Isl. (France),50118.09318,999.9375771,1199.777945,0.023939018,48909.91361,0.975893345,8.401625466,0.000167637,48777.7982,0.973257263,586.4712047,0.011701786,71.86012223,0.001433816,681.9636486,0.013607135
Myanmar,4244274.369,40772.11523,3200361.689,0.754042131,804573.5929,0.189566819,239339.0874,0.05639105,1490402.728,0.351156075,1825407.391,0.430087038,307221.6293,0.07238496,621242.6204,0.146371928
Namibia,7711283.565,44843.30277,6093633.069,0.790222927,1417712.346,0.183849074,199938.15,0.025927999,4688684.419,0.60802905,1460554.353,0.18940483,186527.6047,0.024188918,1375517.188,0.178377202
Nauru,267916.3476,822.756265,2902.053377,0.010831938,265014.2759,0.989167993,0.018319329,6.84E-08,265061.8123,0.989345423,2297.419869,0.008575139,0.547429316,2.04E-06,556.5680493,0.002077395
Netherlands,1155842.781,12330.32212,897648.1477,0.776617861,202052.1651,0.174809385,56142.46779,0.048572755,345750.2511,0.299132596,426818.512,0.369270388,130991.5927,0.11332994,252282.4247,0.218267077
New Caledonia (France),37383.90773,584.1094924,11468.40608,0.306773871,25453.15584,0.68085862,462.3458118,0.012367509,24028.91826,0.642761009,10740.35859,0.287298981,174.0889694,0.004656789,2440.541914,0.065283221
New Zealand,2471891.169,11706.49885,1282755.271,0.518936791,1097922.945,0.44416314,91212.95384,0.036900069,287689.825,0.116384503,1103941.655,0.446598001,527493.3689,0.21339668,552766.32,0.223620816
Nicaragua (Caribbean),39890.31116,469.8042374,20162.75918,0.505455049,5160.218177,0.129360189,14567.3338,0.365184762,102.9083056,0.002579782,8076.553949,0.202469064,2.588084591,6.49E-05,31708.26082,0.794886274
Nicaragua (Pacific),35136.7487,358.7562758,7923.576395,0.225506818,17630.42346,0.501765932,9582.748844,0.27272725,13830.45477,0.393617944,4437.966279,0.126305547,,,16868.32765,0.480076509
Nigeria,560343.9732,5617.648032,389277.2079,0.694711153,67138.64188,0.119816836,103928.1235,0.185472011,134637.5196,0.240276555,343215.6623,0.612508885,5763.622757,0.010285866,76727.16852,0.136928694
Niue (New Zealand),5465.92667,162.0497808,3193.802941,0.584311341,2271.805037,0.415630354,0.318692073,5.83E-05,2271.568688,0.415587114,3130.195,0.572674167,20.48866865,0.003748435,43.67431309,0.007990285
Norfolk Isl. (Australia),9309.985186,346.9247111,5860.1803,0.629451088,3449.804886,0.370548912,,,2840.242717,0.305074891,5903.469119,0.634100807,186.9120641,0.020076516,379.3612854,0.040747786
Northern Marianas (USA),61596.41213,743.7419224,31639.27317,0.513654482,26930.3653,0.43720672,3026.773656,0.049138798,24869.73632,0.403753002,29359.52999,0.476643508,289.7348285,0.004703761,7077.410997,0.114899728
Norway,17982842.35,67694.77499,12123031.32,0.674144336,5428965.004,0.301896936,430846.0348,0.023958728,10112621.41,0.562348332,2814076.271,0.156486734,4151084.574,0.230835843,905060.0987,0.05032909
Oman,78244.52948,1487.220899,58116.92957,0.742760292,15992.77923,0.204394855,154.9708731,0.001980597,13229.07699,0.169073507,43218.20043,0.552347886,11749.67496,0.150166089,10047.57711,0.128412519
Oman (Musandam),2074.590088,26.09667872,42.03795785,0.02026326,2032.013484,0.9794771,0.538646618,0.00025964,2033.162873,0.980031132,31.03143739,0.014957864,2.917800276,0.001406447,7.477977696,0.003604557
"Pacific, Antarctic",11619.39851,248.6444239,886.9422715,0.07633289,6697.492931,0.576406165,4034.963305,0.347260945,355.46903,0.030592722,174.5796205,0.015024841,6930.000856,0.596416489,4159.349,0.357965948
"Pacific, Eastern Central",2466592.795,6171.505061,37027.38009,0.01501155,2429565.415,0.98498845,,,2438599.538,0.988651042,,,,,27993.25727,0.011348958
"Pacific, Northeast",2470.524204,151.7450246,1585.805059,0.641890112,884.7191449,0.358109888,,,2470.355234,0.999931605,,,,,0.168970295,6.84E-05
"Pacific, Northwest",910906.6372,2493.514776,53655.76578,0.058903694,857250.8714,0.941096306,,,910389.0525,0.999431792,,,,,517.5846422,0.000568208
"Pacific, Southeast",1118229.945,3618.843556,5654.760481,0.005056885,1112575.185,0.994943115,,,1104699.186,0.987899842,,,,,13530.75946,0.012100158
"Pacific, Southwest",229569.2061,708.9189998,14522.76126,0.063260929,215046.4449,0.936739071,,,228296.4944,0.994456087,,,,,1272.711741,0.005543913
"Pacific, Western Central",2417448.586,4827.755814,19631.60136,0.008120794,2397816.985,0.991879206,,,2416732.135,0.999703633,,,,,716.4509327,0.000296367
Pakistan,1561359.091,8068.917195,816220.1231,0.52276259,627266.7802,0.401744085,117872.1878,0.075493324,344964.171,0.220938395,382711.6946,0.245114463,205055.0259,0.131331112,628628.1997,0.402616031
Palau,416265.5142,1082.195972,6386.750193,0.015342972,409878.6989,0.984656871,0.065172618,1.57E-07,408777.945,0.982012516,4357.470238,0.010468007,2.686440954,6.45E-06,3127.412559,0.007513023
Palmyra Atoll & Kingman Reef (USA),7769.292927,60.03663408,667.0267,0.085854235,7101.893329,0.914097769,0.372898571,4.80E-05,7354.146249,0.946565707,394.1035495,0.050725794,6.959698529,0.000895796,14.08343048,0.001812704
Panama (Caribbean),934.158504,27.83979375,524.9072462,0.561903835,409.2512577,0.438096165,,,245.6616049,0.262976362,416.6125818,0.445976331,0.90738538,0.00097134,270.9769319,0.290075968
Panama (Pacific),720710.1321,12791.35041,209561.2008,0.290770438,100123.2047,0.138922988,410046.6294,0.568948057,617984.1362,0.857465587,33954.32831,0.047112323,39.40581809,5.47E-05,68732.26177,0.095367414
Papua New Guinea,2069448.987,6159.100663,55048.05244,0.026600343,2012849.783,0.972650109,1551.151306,0.000749548,1997793.2,0.965374461,46717.74019,0.022574966,2384.802543,0.001152385,22553.2441,0.010898188
Peru,47250567.42,1030273.528,12116212.25,0.256424693,1173344.715,0.024832394,33961010.46,0.718742913,46006991.31,0.973681245,376194.7418,0.007961698,12373.60527,0.000261872,855007.7649,0.018095185
Philippines,6196596.804,47290.96185,4531676.145,0.731316929,645783.5752,0.104215846,1019137.084,0.164467226,3141982.351,0.507049668,2395176.907,0.386531024,170095.4755,0.027449821,489342.0705,0.078969487
Pitcairn (UK),92266.43853,4219.141598,79063.69411,0.856906318,13147.93904,0.142499692,54.80537723,0.00059399,12679.81026,0.137426029,77617.14699,0.841228384,778.6579576,0.008439233,1190.823313,0.012906354
Poland,880824.7023,3805.570421,620402.8458,0.70434315,260419.9972,0.295654739,1.859240108,2.11E-06,579459.7435,0.65786046,17557.9261,0.019933508,259543.1928,0.294659303,24263.83987,0.02754673
Portugal (mainland),1158392.917,4496.246413,902777.4651,0.779336141,228694.3999,0.197423859,26921.05174,0.02324,841977.4763,0.726849642,132528.1986,0.114406948,72851.15648,0.06288985,111036.0854,0.09585356
Prince Edward Isl. (South Africa),14167.01664,507.0062111,13950.06738,0.984686313,196.3814926,0.013861881,20.56775943,0.001451806,1925.646391,0.135924623,361.8282222,0.025540185,20.57487592,0.001452308,11858.96715,0.837082884
Puerto Rico (USA),4363.842345,45.15244334,2225.000061,0.509871779,2138.842284,0.490128221,,,2065.115648,0.473233331,1599.990216,0.366647117,1.656074736,0.000379499,697.0804068,0.159740053
Qatar,6415.786169,92.88837396,2459.493335,0.383350266,3826.228748,0.596377224,130.0640866,0.02027251,4124.17921,0.642817435,1003.319333,0.156382913,126.0500508,0.01964686,1162.237575,0.181152792
Réunion (France),5711.46756,38.65993939,1692.924803,0.296408022,4016.394693,0.703215881,2.148064351,0.000376097,4475.193968,0.783545371,470.7075301,0.082414463,45.31005394,0.007933172,720.2560077,0.126106994
Romania,21575.24636,631.5466234,12875.71147,0.596781666,8663.002432,0.401525076,36.53246165,0.001693258,16169.14121,0.749430201,3566.85845,0.165321795,1062.767835,0.049258665,776.4788698,0.03598934
Russia (Baltic Sea),519003.3225,1360.386749,426427.3992,0.821627494,92575.8454,0.178372356,0.077864097,1.50E-07,407000.6932,0.784196701,15519.58872,0.029902677,90673.25155,0.174706495,5809.789005,0.011194127
Russia (Barents Sea),3342541.409,36067.34906,1366070.406,0.408692141,1972284.119,0.590055254,4186.88495,0.001252605,1002967.272,0.300061285,680822.8987,0.203684208,1578331.488,0.472195044,80419.75033,0.024059463
Russia (Black Sea),970524.806,11710.94858,968852.1591,0.998276554,1549.67949,0.001596744,122.9674565,0.000126702,812829.7512,0.837515689,155372.4438,0.160091162,754.5515668,0.000777468,1568.059509,0.001615682
Russia (Far East),20123931.53,138735.1065,18129494.81,0.900892293,1189381.785,0.059102854,805054.9263,0.040004853,3635325.097,0.180646863,2940442.713,0.146116712,11344089.95,0.563711417,2204073.765,0.109525008
Saba and Sint Eustatius (Netherlands),681.2514275,18.12974055,420.9015205,0.6178358,257.8679936,0.378521032,2.481913323,0.003643168,252.0740408,0.370016165,397.6989233,0.583777013,1.026464904,0.001506734,30.45199845,0.044700088
Saint Helena (UK),4916.079596,130.5888262,1648.655983,0.335359904,3267.423612,0.664640096,,,4532.598076,0.921994444,268.3788906,0.054592056,,,115.1026294,0.0234135
Saint Kitts & Nevis,231.1285173,2.75427725,28.65935443,0.123997483,202.4691629,0.876002517,,,202.1327125,0.874546832,16.05922123,0.069481782,0.122292883,0.000529112,12.81429065,0.055442274
Saint Lucia,4717.965449,108.534088,2410.061924,0.510826531,2307.903525,0.489173469,,,2299.784475,0.487452589,2236.593819,0.474058965,0.27956151,5.93E-05,181.3075939,0.038429191
Saint Pierre & Miquelon (France),4176.852205,88.51884675,716.2888954,0.171490122,3415.356785,0.817686769,45.20652431,0.010823108,237.0768161,0.056759685,521.9267103,0.12495695,3020.13193,0.723064112,397.7167486,0.095219253
Saint Vincent & the Grenadines,5827.901048,34.67440624,1200.501266,0.205992047,4046.626088,0.694353946,580.7736932,0.099654007,3934.063668,0.675039544,585.3097235,0.100432337,24.45839384,0.004196776,1284.069262,0.220331343
Samoa,11615.8658,261.155427,5361.542134,0.461570599,6254.136359,0.538413276,0.18730392,1.61E-05,6295.661762,0.541988163,5213.375792,0.448815085,51.56574656,0.004439251,55.26249769,0.004757501
Sao Tome & Principe,82049.02028,369.3403807,13411.42489,0.163456247,67752.5991,0.825757564,884.9962918,0.01078619,71174.53155,0.867463515,9490.574662,0.115669567,258.1920576,0.003146802,1125.722011,0.013720115
Sardinia (Italy),70774.81612,188.8298351,44303.74995,0.625981845,18719.07535,0.264487799,7751.990827,0.109530356,18825.48213,0.265991255,22132.39921,0.312715743,9091.514734,0.128456918,20725.42005,0.292836085
Saudi Arabia (Persian Gulf),45207.72739,528.6286261,16901.38233,0.373860473,14601.79745,0.322993397,13680.91302,0.30262333,20448.66647,0.452326796,5560.837049,0.123006339,1408.528591,0.03115681,17789.69527,0.393510055
Saudi Arabia (Red Sea),102880.643,1617.335258,87266.94422,0.848234825,12411.8918,0.120643606,3187.590789,0.030983387,17162.47237,0.166819256,62926.91541,0.61164971,8422.46153,0.081866338,14368.79368,0.139664696
Senegal,2595393.994,18290.27953,2124637.703,0.818618563,289269.7424,0.11145504,181486.5489,0.069926396,1151705.835,0.443749904,1119298.034,0.431263244,149876.3504,0.057747051,174513.7745,0.067239801
Seychelles,63190.91222,696.432749,18173.54889,0.287597508,45000.53431,0.712136172,16.82901743,0.00026632,54809.38735,0.867361863,2767.089976,0.043789366,231.432373,0.003662431,5383.002524,0.08518634
Sicily (Italy),626471.1297,2825.25976,506055.8323,0.807787954,93998.24328,0.150044015,26417.05411,0.042168031,401096.246,0.640246975,146316.6796,0.233556939,9516.708651,0.015190977,69541.49555,0.111005108
Sierra Leone,552468.3743,5847.615359,498643.4013,0.902573658,44829.51275,0.081144034,8995.460261,0.016282308,94419.42174,0.170904664,399000.4002,0.72221401,17908.27856,0.032415029,41140.27376,0.074466296
Singapore,3631.567885,212.2865278,2361.033981,0.650141772,1270.264066,0.349783924,0.269837632,7.43E-05,3249.039465,0.894665766,288.9731257,0.079572552,84.25825087,0.023201618,9.297043801,0.002560063
Sint Maarten (Netherlands),2074.257386,32.22065958,5.426682383,0.002616205,2068.830704,0.997383795,,,2063.553284,0.99483955,0.079797814,3.85E-05,0.262650974,0.000126624,10.36165377,0.004995356
Slovenia,6231.540199,57.57837006,6172.199538,0.990477369,51.37106538,0.008243719,7.969594834,0.001278913,6010.7417,0.964567588,66.707638,0.01070484,57.78384041,0.009272802,96.30701966,0.01545477
Solomon Isl.,592867.8484,1687.551449,20539.55874,0.034644413,572328.0346,0.965355157,0.255039026,4.30E-07,570023.5777,0.961468191,17728.83084,0.029903512,14.85140301,2.51E-05,5100.588422,0.008603247
Somalia,470108.4572,4999.600198,337648.2008,0.718234687,107921.9385,0.229568171,24538.31794,0.052197142,165460.9109,0.351963272,213628.0901,0.454422989,31159.50899,0.066281533,59859.94723,0.127332207
South Africa (Atlantic and Cape),5394878.305,57978.34473,4492467.403,0.832728219,823892.5112,0.152717534,78518.39117,0.014554247,4442096.044,0.823391334,113639.1691,0.021064269,11381.13306,0.002109618,827761.9588,0.153434779
South Africa (Indian Ocean Coast),16373.43865,283.2423331,8669.930357,0.529511884,4076.000337,0.248939787,3627.50796,0.221548328,5975.162403,0.36493021,5094.984356,0.311173753,249.1893655,0.015219122,5054.10253,0.308676915
South Georgia & Sandwich Isl. (UK),487541.5296,12613.47828,235152.0354,0.482322061,43.02538081,8.82E-05,252346.4689,0.517589689,80347.77058,0.1648019,91431.81888,0.187536473,14081.71595,0.028883111,301680.2242,0.618778516
South Orkney Islands (UK),320698.4576,9940.588464,31921.98922,0.099538955,2288.578849,0.007136233,286487.8895,0.893324813,20744.61964,0.064685748,10630.73692,0.0331487,135.0956034,0.000421254,289188.0054,0.901744298
"Spain (mainland, Med and Gulf of Cadiz)",1482315.195,5202.537343,1055404.806,0.711997563,303763.3873,0.204924964,123147.0012,0.083077473,827349.1895,0.558146602,236004.1333,0.159213192,48118.8625,0.032461964,370843.0094,0.250178242
Spain (Northwest),1712396.518,6330.366361,1215748.482,0.709969023,490547.5534,0.286468437,6100.482388,0.003562541,1018808.272,0.59496049,402404.5935,0.234994985,167507.1488,0.097820304,123676.5041,0.072224221
Sri Lanka,197131.0439,1533.141171,64398.11937,0.326676702,71547.47281,0.362943712,61185.4517,0.310379586,53716.35781,0.272490607,19504.77511,0.098943194,13409.95019,0.068025563,110499.9608,0.560540636
St Barthelemy (France),19.91515679,0.331883565,5.745775837,0.288512709,14.16938096,0.711487291,,,14.13654366,0.709838432,3.606468603,0.18109165,0.020619071,0.001035346,2.151525459,0.108034573
St Martin (France),4.127694944,0.081909816,0.115535636,0.027990352,4.012159308,0.972009648,,,4.049310432,0.9810101,0.067436154,0.016337485,9.72E-05,2.35E-05,0.010851192,0.002628875
St Paul & Amsterdam Isl. (France),6416.620117,101.9832992,5797.074332,0.90344671,616.8088492,0.096126752,2.736935678,0.000426539,920.2795442,0.143421229,5286.075123,0.823809891,15.63195854,0.002436167,194.6334919,0.030332712
St Paul and St. Peter Archipelago (Brazil),7206.181197,122.1348503,2221.263061,0.308244131,4984.918136,0.691755869,,,4990.631661,0.692548733,2009.350031,0.278837012,0.001997205,2.77E-07,206.197508,0.028613978
Sudan,5974.246498,250.2704237,5004.245427,0.837636249,398.8390631,0.066759727,571.1620087,0.095604025,656.8196678,0.109941843,5170.920541,0.865535184,19.06590827,0.003191349,127.4403817,0.021331624
Suriname,79712.57587,1295.425069,35128.52912,0.440689925,4846.169495,0.060795545,39737.87726,0.49851453,2825.977453,0.03545209,23105.86225,0.289864704,62.15628556,0.000779755,53718.57988,0.67390345
Svalbard Isl. (Norway),2684789.343,42921.92544,1477927.474,0.550481727,1206069.344,0.449223082,792.5244214,0.000295191,1073980.246,0.400024028,318704.3066,0.118707379,1011685.742,0.376821275,280419.0478,0.104447319
Sweden (Baltic),1845237.649,4232.756381,1464778.582,0.793815682,380456.1509,0.206182738,2.916096523,1.58E-06,1406517.501,0.762241927,37670.73612,0.020415114,372617.3945,0.201934637,28432.01777,0.015408323
Sweden (West Coast),428860.5124,1620.984225,369938.528,0.862608045,55530.31017,0.129483383,3391.674192,0.007908572,269546.3527,0.628517536,54993.59383,0.128231889,73927.91196,0.172382184,30392.65392,0.07086839
Syria,5304.240809,56.50655207,3491.017244,0.658155874,1401.821107,0.264283082,411.402457,0.077561044,1614.938444,0.304461751,1640.208934,0.309225956,793.2659987,0.149553165,1255.827431,0.236759129
Taiwan,2003278.983,12999.16913,1422132.491,0.709902367,507111.1739,0.253140565,74035.31795,0.036957068,649192.2137,0.324064805,653416.2756,0.326173379,243869.8814,0.121735357,456800.6124,0.228026459
Tanzania,16945.96209,94.74531376,6601.31109,0.389550682,3039.178508,0.179345291,7305.472493,0.431104027,5055.371692,0.298323085,2116.347854,0.124888032,1376.682447,0.081239557,8397.560098,0.495549326
Thailand (Andaman Sea),1050445.339,4810.758761,715734.0089,0.681362449,230928.9306,0.219839074,103782.3991,0.098798476,348391.7732,0.331661021,426925.8655,0.406423685,88430.24101,0.084183572,186697.4589,0.177731722
Thailand (Gulf of Thailand),4957149.015,19150.9765,3236954.619,0.652987152,878569.7506,0.177232871,841624.6463,0.169779977,1625255.506,0.327860934,1855497.861,0.374307461,339917.6706,0.068571203,1136477.978,0.229260402
Timor Leste,37484.40037,422.8796909,4265.017537,0.113781133,33010.0162,0.880633434,209.3666269,0.005585434,30733.18147,0.819892573,3021.838381,0.080615892,955.9008559,0.025501298,2773.479664,0.073990237
Togo,127459.5383,1437.330079,106770.8372,0.837684167,12937.02715,0.10149909,7751.673937,0.060816743,24738.27991,0.194087318,93449.54715,0.733170294,3894.037363,0.030551165,5377.673856,0.042191223
Tokelau (New Zealand),73190.13357,460.3885003,8183.641097,0.111813447,65006.13273,0.888181638,0.359741479,4.92E-06,65379.40714,0.893281703,7533.417643,0.102929415,7.129194023,9.74E-05,270.179597,0.003691476
Tonga,18868.10598,377.5864932,9854.146879,0.522264762,9013.346818,0.477702787,0.612282491,3.25E-05,8808.472139,0.466844534,9652.100586,0.511556411,69.21620802,0.003668424,338.3170473,0.017930631
Trindade & Martim Vaz Isl. (Brazil),161854.3997,6023.448388,157023.3934,0.970152147,4831.006273,0.029847853,,,3994.720418,0.02468095,156847.0569,0.969062671,17.19606644,0.000106244,995.4263563,0.006150135
Trinidad & Tobago,58187.12334,767.7284733,49632.93617,0.852988313,7655.319297,0.131563804,898.867873,0.015447883,6738.879039,0.115813923,40423.75788,0.694719992,433.0417962,0.007442227,10591.44463,0.182023857
Tristan da Cunha Isl. (UK),4958.826255,102.866428,981.1897425,0.197867336,1082.967351,0.218391873,2894.669162,0.583740791,1507.7504,0.304053888,417.4853027,0.084190347,11.80771922,0.002381152,3021.782833,0.609374614
Tromelin Isl. (France),5666.349292,40.07898166,1302.918732,0.229939713,4361.474527,0.769715085,1.956032494,0.000345202,4940.454351,0.871893718,246.6254596,0.043524578,30.60474812,0.00540114,448.6647332,0.079180564
Tunisia,557561.8506,3099.231582,364574.2742,0.653872344,79303.9996,0.142233547,113683.5768,0.203894109,173458.9464,0.311102609,229560.6236,0.411722257,38203.03649,0.068518024,116339.2441,0.208657109
Turkey (Black Sea),2597691.75,11863.9274,2242629.907,0.863316406,254914.3599,0.098131104,100147.4833,0.038552489,2389927.47,0.920019656,50712.63877,0.019522193,56941.36394,0.021919985,100110.2769,0.038538166
Turkey (Marmara Sea),356239.005,2157.822831,268703.3462,0.754278286,72214.88256,0.202714699,15320.77622,0.043007015,297883.5192,0.836190072,24964.23729,0.070077215,3237.255341,0.009087313,30153.99313,0.0846454
Turkey (Mediterranean Sea),368939.0914,3308.990294,263989.7745,0.715537552,60276.10195,0.163376837,44673.21498,0.12108561,250001.9244,0.677623842,87176.78661,0.236290457,6176.482722,0.016741199,25583.89764,0.069344502
Turks & Caicos Isl. (UK),1431.826044,11.30771919,1029.125287,0.718750222,177.51168,0.123975731,225.1890769,0.157274047,184.5925239,0.128921055,760.8807042,0.531405828,0.674830588,0.000471308,485.6779851,0.33920181
Tuvalu,196656.5824,729.6974489,6275.205687,0.031909462,190381.2873,0.968090084,0.0893796,4.54E-07,188863.8378,0.960373843,5290.680534,0.026903145,2.918124948,1.48E-05,2499.145906,0.012708173
Ukraine,482451.2818,2402.445854,461197.9123,0.955947118,6067.585383,0.012576576,15185.78417,0.031476306,417030.3604,0.864398906,18391.98831,0.03812196,436.9776414,0.000905745,46591.95546,0.096573389
United Arab Emirates,6940.263742,71.79290456,1198.696398,0.17271626,5733.045386,0.826055839,8.521958442,0.001227901,6039.104183,0.870154854,543.3084599,0.078283547,121.1824669,0.017460787,236.6686324,0.034100812
United Arab Emirates (Fujairah),1965.906533,24.61979085,28.01227512,0.014249037,1937.361866,0.985480151,0.532391509,0.000270812,1936.25909,0.9849192,21.84430833,0.01111157,3.533913244,0.0017976,4.269221489,0.00217163
United Kingdom (UK),12700039.21,44520.55995,9039732.363,0.711787752,3198282.695,0.251832505,462024.1559,0.036379742,5664093.167,0.445990211,2785649.265,0.219341785,2602866.501,0.204949485,1647430.28,0.129718519
Uruguay,490122.7541,3169.586703,217032.8238,0.442813197,257580.4077,0.525542643,15509.52269,0.03164416,17353.49302,0.035406422,201141.645,0.410390343,194369.032,0.396572145,77258.58411,0.15763109
US Virgin Isl.,1152.384946,10.61107719,568.8900427,0.493663202,583.4949036,0.506336798,,,565.034255,0.490317282,397.0027894,0.344505359,0.75080642,0.000651524,189.5970956,0.164525835
"USA (Alaska, Subarctic)",9808479.648,69831.45069,8737093.016,0.890769347,981701.4183,0.100087012,89685.21425,0.009143641,463438.642,0.047248774,2109688.518,0.215088229,5874414.369,0.598911817,1360938.119,0.138751179
USA (East Coast),7902695.843,31127.81734,4550690.382,0.575840254,785570.7467,0.099405413,2566202.239,0.324724915,3643214.881,0.461009123,782678.2706,0.099039402,204505.3456,0.025877922,3272297.345,0.414073553
USA (Gulf of Mexico),5908379.485,83610.68799,666716.8927,0.112842598,23591.31527,0.003992857,5218064.718,0.883163434,4502656.662,0.762079801,493039.9812,0.083447582,2398.749816,0.000405991,910284.0916,0.154066626
USA (West Coast),2215501.144,10532.90407,886885.7491,0.400309317,1281247.3,0.578310376,47368.09499,0.021380307,633798.4139,0.286074514,91718.5191,0.041398543,1097301.1,0.495283473,392683.1112,0.17724347
Vanuatu,50424.33653,548.5782264,12105.39516,0.24007049,38311.97028,0.759791262,6.971083248,0.000138248,34049.04811,0.675250295,11362.24417,0.225332547,24.0833522,0.000477614,4988.960892,0.098939545
Venezuela,224834.4138,1596.388265,99870.5194,0.444195876,123524.013,0.549399938,1439.881363,0.006404186,115926.5774,0.515608689,70191.30901,0.312191127,4641.727972,0.020645096,34074.79939,0.151555088
Viet Nam,4601260.687,25204.19589,2944717.298,0.63998054,1479699.551,0.321585681,175071.9203,0.038048685,959220.8167,0.208469131,1434953.812,0.311861011,653104.665,0.141940374,1553981.394,0.337729483
Wake Isl. (USA),8456.014983,131.6874663,3273.123834,0.3870764,3755.495484,0.444121196,1427.395665,0.168802405,2661.347883,0.314728378,2507.65894,0.296553275,93.00003537,0.010998093,3194.008125,0.377720254
Wallis & Futuna Isl. (France),16200.86209,131.1531029,2547.619779,0.157252112,13653.16881,0.842743351,0.073499446,4.54E-06,12477.28459,0.770161768,2356.141262,0.145433079,2.390379043,0.000147546,1365.045857,0.084257606
Yemen (Arabian Sea),88348.85683,1049.084935,78449.03119,0.887946194,7401.149563,0.083771877,2498.676078,0.028281929,8964.908089,0.101471693,65731.80368,0.744002877,1823.373813,0.020638341,11828.77125,0.133887089
Yemen (Red Sea),21637.17227,240.027419,13644.76521,0.63061684,7947.31766,0.367299274,45.08940152,0.002083886,1134.632871,0.052439055,14446.91395,0.667689556,404.6705701,0.018702563,5650.954883,0.261168826
